0.0	-0.23	0.0	6.93	0.0	1.0	-1.0	-1.0	1.0	-1.0	-1.0	1.0	-1.0	-1.0	1.0	-1.0	-1.0	1.0	-1.0
0.0	-0.86	0.0	10.39	0.0	1.0	-1.0	-1.0	1.0	-1.0	-1.0	1.0	-1.0	-1.0	1.0	-1.0	-1.0	1.0	-1.0
0.0	1.29	0.0	10.39	-1.0	1.0	-1.0	-1.0	1.0	-1.0	-1.0	1.0	-1.0	-1.0	1.0	-1.0	-1.0	1.0	-1.0
0.0	0.61	0.0	10.39	-1.0	1.0	-1.0	-1.0	1.0	-1.0	-1.0	1.0	-1.0	-1.0	1.0	-1.0	-1.0	1.0	-1.0
0.0	-0.07	0.0	10.39	-1.0	1.0	-1.0	-1.0	1.0	-1.0	-1.0	1.0	-1.0	-1.0	1.0	-1.0	-1.0	1.0	-1.0
0.0	-0.75	0.0	10.39	-1.0	1.0	-1.0	-1.0	1.0	-1.0	-1.0	1.0	-1.0	-1.0	1.0	-1.0	-1.0	1.0	-1.0
0.0	1.4	0.0	10.39	-1.0	1.0	-1.0	-1.0	1.0	-1.0	-1.0	1.0	-1.0	-1.0	1.0	-1.0	-1.0	1.0	-1.0
0.0	0.59	0.0	10.39	-1.0	1.0	-1.0	-1.0	1.0	-1.0	-1.0	1.0	-1.0	-1.0	1.0	-1.0	-1.0	1.0	-1.0
0.0	0.04	0.0	10.39	-1.0	1.0	-1.0	-1.0	1.0	-1.0	-1.0	1.0	-1.0	-1.0	1.0	-1.0	-1.0	1.0	-1.0
0.0	-0.63	0.0	10.39	-1.0	1.0	-1.0	-1.0	1.0	-1.0	-1.0	1.0	-1.0	-1.0	1.0	-1.0	-1.0	1.0	-1.0
0.0	-0.63	0.0	10.39	-1.0	1.0	-1.0	-1.0	1.0	-1.0	-1.0	1.0	-1.0	-1.0	1.0	-1.0	-1.0	1.0	-1.0
0.0	-1.31	0.0	10.39	-1.0	1.0	-1.0	-1.0	1.0	-1.0	-1.0	1.0	-1.0	-1.0	1.0	-1.0	-1.0	1.0	-1.0
0.0	1.11	0.0	10.39	-1.0	1.0	-1.0	-1.0	1.0	-1.0	-1.0	1.0	-1.0	-1.0	1.0	-1.0	-1.0	1.0	-1.0
0.0	0.16	0.0	10.39	-1.0	1.0	-1.0	-1.0	1.0	-1.0	-1.0	1.0	-1.0	-1.0	1.0	-1.0	-1.0	1.0	-1.0
0.0	-0.39	0.0	10.39	-1.0	1.0	-1.0	-1.0	1.0	-1.0	-1.0	1.0	-1.0	-1.0	1.0	-1.0	-1.0	1.0	-1.0
0.0	-1.07	0.0	10.39	-1.0	1.0	-1.0	-1.0	1.0	-1.0	-1.0	1.0	-1.0	-1.0	1.0	-1.0	-1.0	1.0	-1.0
0.0	1.22	0.0	10.39	-1.0	1.0	-1.0	-1.0	1.0	-1.0	-1.0	1.0	-1.0	-1.0	1.0	-1.0	2.0	2.0	-1.0
0.0	0.54	0.0	10.39	-1.0	1.0	-1.0	-1.0	1.0	-1.0	-1.0	1.0	-1.0	-1.0	1.0	-1.0	2.0	2.0	-1.0
0.0	-0.14	0.0	10.39	-1.0	1.0	-1.0	-1.0	1.0	-1.0	-1.0	1.0	-1.0	-1.0	1.0	-1.0	2.0	2.0	-1.0
0.0	-0.95	0.0	10.39	-1.0	1.0	-1.0	-1.0	1.0	-1.0	-1.0	1.0	-1.0	-1.0	1.0	-1.0	2.0	2.0	-1.0
-0.32	1.37	2.57	10.07	-1.0	1.0	-1.0	-1.0	1.0	-1.0	-1.0	1.0	-1.0	2.0	2.0	-1.0	-1.0	-1.0	-1.0
-0.49	0.71	2.57	10.07	-1.0	1.0	-1.0	-1.0	1.0	-1.0	-1.0	1.0	-1.0	2.0	2.0	-1.0	-1.0	-1.0	-1.0
-0.66	0.05	2.06	10.19	-1.0	1.0	-1.0	-1.0	1.0	-1.0	-1.0	1.0	-1.0	2.0	2.0	-1.0	-1.0	-1.0	-1.0
-0.77	-0.62	1.04	10.34	-1.0	1.0	-1.0	-1.0	1.0	-1.0	-1.0	1.0	-1.0	2.0	2.0	-1.0	-1.0	-1.0	-1.0
-0.95	0.86	0.52	10.38	-1.0	1.0	-1.0	-1.0	1.0	-1.0	2.0	2.0	-1.0	-1.0	-1.0	-1.0	-1.0	-1.0	-1.0
-0.98	0.18	0.52	10.38	-1.0	1.0	-1.0	-1.0	1.0	-1.0	2.0	2.0	-1.0	-1.0	-1.0	-1.0	-1.0	-1.0	-1.0
-1.02	-0.5	0.52	10.38	-1.0	1.0	-1.0	-1.0	1.0	-1.0	2.0	2.0	-1.0	-1.0	-1.0	-1.0	-1.0	-1.0	-1.0
-0.92	1.12	-1.55	10.28	-1.0	1.0	-1.0	2.0	2.0	-1.0	-1.0	-1.0	-1.0	-1.0	-1.0	-1.0	-1.0	-1.0	-1.0
-0.8	0.32	-1.55	10.28	-1.0	1.0	-1.0	2.0	2.0	-1.0	-1.0	-1.0	-1.0	-1.0	-1.0	-1.0	-1.0	-1.0	-1.0
-0.7	-0.36	-1.55	10.28	-1.0	1.0	-1.0	2.0	2.0	-1.0	-1.0	-1.0	-1.0	-1.0	-1.0	-1.0	-1.0	-1.0	-1.0
-0.6	-1.03	-1.55	10.28	-1.0	1.0	-1.0	2.0	2.0	-1.0	-1.0	-1.0	-1.0	-1.0	-1.0	-1.0	-1.0	-1.0	-1.0
1.0	-0.88	-7.81	6.86	1.0	2.0	-1.0	-1.0	2.0	-1.0	-1.0	2.0	-1.0	-1.0	2.0	-1.0	-1.0	2.0	-1.0
-0.27	0.89	-10.24	1.77	-1.0	2.0	-1.0	-1.0	2.0	-1.0	-1.0	2.0	-1.0	-1.0	2.0	-1.0	-1.0	2.0	-1.0
-0.38	0.22	-10.24	1.77	-1.0	2.0	-1.0	-1.0	2.0	-1.0	-1.0	2.0	-1.0	-1.0	2.0	-1.0	-1.0	2.0	-1.0
-0.5	-0.45	-10.24	1.77	-1.0	2.0	-1.0	-1.0	2.0	-1.0	-1.0	2.0	-1.0	-1.0	2.0	-1.0	-1.0	2.0	-1.0
-0.6	-1.12	-10.32	1.25	-1.0	2.0	-1.0	-1.0	2.0	-1.0	-1.0	2.0	-1.0	-1.0	2.0	-1.0	-1.0	2.0	-1.0
-0.53	1.18	-10.12	-2.36	-1.0	2.0	-1.0	-1.0	2.0	-1.0	-1.0	2.0	-1.0	-1.0	2.0	-1.0	-1.0	2.0	-1.0
-0.38	0.52	-10.12	-2.36	-1.0	2.0	-1.0	-1.0	2.0	-1.0	-1.0	2.0	-1.0	-1.0	2.0	-1.0	-1.0	2.0	-1.0
-0.25	-0.01	-10.12	-2.36	-1.0	2.0	-1.0	-1.0	2.0	-1.0	-1.0	2.0	-1.0	-1.0	2.0	-1.0	-1.0	2.0	-1.0
-0.1	-0.67	-10.12	-2.36	-1.0	2.0	-1.0	-1.0	2.0	-1.0	-1.0	2.0	-1.0	-1.0	2.0	-1.0	-1.0	2.0	-1.0
0.05	-1.33	-10.12	-2.36	-1.0	2.0	-1.0	-1.0	2.0	-1.0	-1.0	2.0	-1.0	-1.0	2.0	-1.0	-1.0	2.0	-1.0
0.23	0.98	-10.32	1.25	-1.0	2.0	-1.0	-1.0	2.0	-1.0	-1.0	2.0	-1.0	-1.0	2.0	-1.0	-1.0	2.0	-1.0
0.15	0.31	-10.32	1.25	-1.0	2.0	-1.0	-1.0	2.0	-1.0	-1.0	2.0	-1.0	-1.0	2.0	-1.0	-1.0	2.0	-1.0
0.05	-0.5	-10.32	1.25	-1.0	2.0	-1.0	-1.0	2.0	-1.0	-1.0	2.0	-1.0	-1.0	2.0	-1.0	-1.0	2.0	-1.0
-0.03	-1.17	-10.32	1.25	-1.0	2.0	-1.0	-1.0	2.0	-1.0	-1.0	2.0	-1.0	-1.0	2.0	-1.0	-1.0	2.0	-1.0
-0.36	1.13	-10.32	1.25	-1.0	2.0	-1.0	-1.0	2.0	-1.0	-1.0	2.0	-1.0	-1.0	2.0	-1.0	3.0	3.0	-1.0
-0.44	0.46	-10.32	1.25	-1.0	2.0	-1.0	-1.0	2.0	-1.0	-1.0	2.0	-1.0	-1.0	2.0	-1.0	3.0	3.0	-1.0
-0.52	-0.21	-10.32	1.25	-1.0	2.0	-1.0	-1.0	2.0	-1.0	-1.0	2.0	-1.0	-1.0	2.0	-1.0	3.0	3.0	-1.0
-0.6	-0.89	-10.32	1.25	-1.0	2.0	-1.0	-1.0	2.0	-1.0	-1.0	2.0	-1.0	-1.0	2.0	-1.0	3.0	3.0	-1.0
-1.01	0.74	-10.32	1.25	-1.0	2.0	-1.0	-1.0	2.0	-1.0	-1.0	2.0	-1.0	3.0	3.0	-1.0	-1.0	-1.0	-1.0
-1.07	0.07	-10.39	-0.3	-1.0	2.0	-1.0	-1.0	2.0	-1.0	-1.0	2.0	-1.0	3.0	3.0	-1.0	-1.0	-1.0	-1.0
-1.04	-0.75	-10.39	-0.3	-1.0	2.0	-1.0	-1.0	2.0	-1.0	-1.0	2.0	-1.0	3.0	3.0	-1.0	-1.0	-1.0	-1.0
-1.38	0.2	-10.32	1.25	-1.0	2.0	-1.0	-1.0	2.0	-1.0	3.0	3.0	-1.0	-1.0	-1.0	-1.0	-1.0	2.0	-1.0
-1.28	0.62	-9.99	-2.86	-1.0	2.0	-1.0	3.0	3.0	-1.0	-1.0	-1.0	-1.0	-1.0	2.0	-1.0	-1.0	2.0	-1.0
-1.03	-0.01	-9.45	-4.32	-1.0	2.0	-1.0	3.0	3.0	-1.0	-1.0	-1.0	-1.0	-1.0	2.0	-1.0	-1.0	2.0	-1.0
-0.72	-0.62	-9.22	-4.79	-1.0	2.0	-1.0	3.0	3.0	-1.0	-1.0	-1.0	-1.0	-1.0	2.0	-1.0	-1.0	2.0	-1.0
-0.41	-1.22	-9.22	-4.79	-1.0	2.0	-1.0	3.0	3.0	-1.0	-1.0	-1.0	-1.0	-1.0	2.0	-1.0	-1.0	2.0	-1.0
-0.05	0.97	-3.97	-9.61	-1.0	3.0	-1.0	-1.0	3.0	-1.0	-1.0	3.0	-1.0	-1.0	3.0	-1.0	-1.0	3.0	-1.0
-0.25	0.32	-2.49	-10.09	-1.0	3.0	-1.0	-1.0	3.0	-1.0	-1.0	3.0	-1.0	-1.0	3.0	-1.0	-1.0	3.0	-1.0
-0.41	-0.48	-1.98	-10.2	-1.0	3.0	-1.0	-1.0	3.0	-1.0	-1.0	3.0	-1.0	-1.0	3.0	-1.0	-1.0	3.0	-1.0
-0.54	-1.14	-1.98	-10.2	-1.0	3.0	-1.0	-1.0	3.0	-1.0	-1.0	3.0	-1.0	-1.0	3.0	-1.0	-1.0	3.0	-1.0
-0.99	0.64	0.09	-10.39	-1.0	3.0	-1.0	-1.0	3.0	-1.0	-1.0	3.0	-1.0	-1.0	3.0	-1.0	-1.0	3.0	-1.0
-0.98	-0.04	0.09	-10.39	-1.0	3.0	-1.0	-1.0	3.0	-1.0	-1.0	3.0	-1.0	-1.0	3.0	-1.0	-1.0	3.0	-1.0
-0.91	-0.71	1.64	-10.26	-1.0	3.0	-1.0	-1.0	3.0	-1.0	-1.0	3.0	-1.0	-1.0	3.0	-1.0	-1.0	3.0	-1.0
-0.2	0.97	2.15	-10.17	-1.0	3.0	-1.0	-1.0	3.0	-1.0	-1.0	3.0	-1.0	-1.0	3.0	-1.0	-1.0	3.0	-1.0
-0.08	0.3	1.12	-10.33	-1.0	3.0	-1.0	-1.0	3.0	-1.0	-1.0	3.0	-1.0	-1.0	3.0	-1.0	-1.0	3.0	-1.0
-0.05	-0.38	0.09	-10.39	-1.0	3.0	-1.0	-1.0	3.0	-1.0	-1.0	3.0	-1.0	-1.0	3.0	-1.0	-1.0	3.0	-1.0
-0.05	-1.06	0.09	-10.39	-1.0	3.0	-1.0	-1.0	3.0	-1.0	-1.0	3.0	-1.0	-1.0	3.0	-1.0	-1.0	3.0	-1.0
-0.27	1.25	-2.49	-10.09	-1.0	3.0	-1.0	-1.0	3.0	-1.0	-1.0	3.0	-1.0	-1.0	3.0	-1.0	-1.0	0.0	0.0
-0.47	0.46	-2.49	-10.09	-1.0	3.0	-1.0	-1.0	3.0	-1.0	-1.0	3.0	-1.0	-1.0	3.0	-1.0	-1.0	0.0	0.0
-0.63	-0.2	-2.49	-10.09	-1.0	3.0	-1.0	-1.0	3.0	-1.0	-1.0	3.0	-1.0	-1.0	3.0	-1.0	-1.0	0.0	0.0
-0.79	-0.86	-2.49	-10.09	-1.0	3.0	-1.0	-1.0	3.0	-1.0	-1.0	3.0	-1.0	-1.0	3.0	-1.0	-1.0	0.0	0.0
-1.43	0.15	1.12	-10.33	-1.0	3.0	-1.0	-1.0	3.0	-1.0	-1.0	3.0	-1.0	-1.0	0.0	0.0	-1.0	-1.0	-1.0
-1.36	-0.53	1.12	-10.33	-1.0	3.0	-1.0	-1.0	3.0	-1.0	-1.0	3.0	-1.0	-1.0	0.0	0.0	-1.0	-1.0	-1.0
-1.04	0.96	0.09	-10.39	-1.0	3.0	-1.0	-1.0	3.0	-1.0	-1.0	0.0	0.0	-1.0	-1.0	-1.0	-1.0	-1.0	-1.0
-1.03	0.28	0.09	-10.39	-1.0	3.0	-1.0	-1.0	3.0	-1.0	-1.0	0.0	0.0	-1.0	-1.0	-1.0	-1.0	-1.0	-1.0
-1.02	-0.4	0.09	-10.39	-1.0	3.0	-1.0	-1.0	3.0	-1.0	-1.0	0.0	0.0	-1.0	-1.0	-1.0	-1.0	-1.0	-1.0
-1.02	-1.08	0.09	-10.39	-1.0	3.0	-1.0	-1.0	3.0	-1.0	-1.0	0.0	0.0	-1.0	-1.0	-1.0	-1.0	-1.0	-1.0
-1.23	0.4	-0.95	-10.35	-1.0	3.0	-1.0	-1.0	0.0	0.0	-1.0	-1.0	-1.0	-1.0	-1.0	-1.0	-1.0	-1.0	-1.0
-1.25	-0.27	0.09	-10.39	-1.0	3.0	-1.0	-1.0	0.0	0.0	-1.0	-1.0	-1.0	-1.0	-1.0	-1.0	-1.0	-1.0	-1.0
-0.05	1.45	5.94	-8.53	-1.0	0.0	0.0	-1.0	-1.0	-1.0	-1.0	-1.0	-1.0	-1.0	-1.0	-1.0	-1.0	-1.0	-1.0
0.39	0.93	7.15	-7.54	-1.0	0.0	0.0	-1.0	-1.0	-1.0	-1.0	-1.0	-1.0	-1.0	-1.0	-1.0	-1.0	-1.0	-1.0
0.48	-0.9	8.19	-6.39	-1.0	0.0	3.0	-1.0	0.0	-1.0	-1.0	0.0	-1.0	-1.0	0.0	-1.0	-1.0	0.0	-1.0
0.11	-1.47	9.06	-5.09	-1.0	0.0	3.0	-1.0	0.0	-1.0	-1.0	0.0	-1.0	-1.0	0.0	-1.0	-1.0	0.0	-1.0
-1.08	0.95	10.04	-2.7	-1.0	0.0	-1.0	-1.0	0.0	-1.0	-1.0	0.0	-1.0	-1.0	0.0	-1.0	-1.0	0.0	-1.0
-1.21	0.28	10.33	-1.17	-1.0	0.0	-1.0	-1.0	0.0	-1.0	-1.0	0.0	-1.0	-1.0	0.0	-1.0	-1.0	0.0	-1.0
-1.28	-0.39	10.33	-1.17	-1.0	0.0	-1.0	-1.0	0.0	-1.0	-1.0	0.0	-1.0	-1.0	0.0	-1.0	-1.0	0.0	-1.0
-1.44	0.43	10.1	2.45	-1.0	0.0	-1.0	-1.0	0.0	-1.0	-1.0	0.0	-1.0	-1.0	0.0	-1.0	-1.0	0.0	-1.0
-1.22	-0.21	9.81	3.44	-1.0	0.0	-1.0	-1.0	0.0	-1.0	-1.0	0.0	-1.0	-1.0	0.0	-1.0	-1.0	0.0	-1.0
-0.99	-0.85	9.81	3.44	-1.0	0.0	-1.0	-1.0	0.0	-1.0	-1.0	0.0	-1.0	-1.0	0.0	-1.0	-1.0	0.0	-1.0
-0.42	0.96	10.35	0.91	-1.0	0.0	-1.0	-1.0	0.0	-1.0	-1.0	0.0	-1.0	-1.0	0.0	-1.0	-1.0	0.0	-1.0
-0.36	0.28	10.35	0.91	-1.0	0.0	-1.0	-1.0	0.0	-1.0	-1.0	0.0	-1.0	-1.0	0.0	-1.0	-1.0	0.0	-1.0
-0.3	-0.53	10.38	0.39	-1.0	0.0	-1.0	-1.0	0.0	-1.0	-1.0	0.0	-1.0	-1.0	0.0	-1.0	-1.0	0.0	-1.0
-0.32	-1.07	10.37	-0.65	-1.0	0.0	-1.0	-1.0	0.0	-1.0	-1.0	0.0	-1.0	-1.0	0.0	-1.0	-1.0	0.0	-1.0
-0.49	1.22	10.37	-0.65	-1.0	0.0	-1.0	-1.0	0.0	-1.0	-1.0	0.0	-1.0	-1.0	0.0	-1.0	-1.0	1.0	1.0
-0.53	0.54	10.37	-0.65	-1.0	0.0	-1.0	-1.0	0.0	-1.0	-1.0	0.0	-1.0	-1.0	0.0	-1.0	-1.0	1.0	1.0
-0.57	-0.14	10.37	-0.65	-1.0	0.0	-1.0	-1.0	0.0	-1.0	-1.0	0.0	-1.0	-1.0	0.0	-1.0	-1.0	1.0	1.0
-0.61	-0.82	10.37	-0.65	-1.0	0.0	-1.0	-1.0	0.0	-1.0	-1.0	0.0	-1.0	-1.0	0.0	-1.0	-1.0	1.0	1.0
-0.41	1.34	10.35	0.91	-1.0	0.0	-1.0	-1.0	0.0	-1.0	-1.0	0.0	-1.0	-1.0	1.0	1.0	-1.0	-1.0	-1.0
-0.35	0.66	10.35	0.91	-1.0	0.0	-1.0	-1.0	0.0	-1.0	-1.0	0.0	-1.0	-1.0	1.0	1.0	-1.0	-1.0	-1.0
-0.29	-0.01	10.35	0.91	-1.0	0.0	-1.0	-1.0	0.0	-1.0	-1.0	0.0	-1.0	-1.0	1.0	1.0	-1.0	-1.0	-1.0
-0.23	-0.69	10.35	0.91	-1.0	0.0	-1.0	-1.0	0.0	-1.0	-1.0	0.0	-1.0	-1.0	1.0	1.0	-1.0	-1.0	-1.0
-0.59	0.95	10.26	-1.68	-1.0	0.0	-1.0	-1.0	0.0	-1.0	-1.0	1.0	1.0	-1.0	-1.0	-1.0	-1.0	-1.0	-1.0
-0.7	0.28	10.26	-1.68	-1.0	0.0	-1.0	-1.0	0.0	-1.0	-1.0	1.0	1.0	-1.0	-1.0	-1.0	-1.0	-1.0	-1.0
-0.84	-0.53	10.26	-1.68	-1.0	0.0	-1.0	-1.0	0.0	-1.0	-1.0	1.0	1.0	-1.0	-1.0	-1.0	-1.0	-1.0	-1.0
-1.1	0.57	10.35	0.91	-1.0	0.0	-1.0	-1.0	1.0	1.0	-1.0	-1.0	-1.0	-1.0	-1.0	-1.0	-1.0	-1.0	-1.0
-1.04	-0.11	10.35	0.91	-1.0	0.0	-1.0	-1.0	1.0	1.0	-1.0	-1.0	-1.0	-1.0	-1.0	-1.0	-1.0	-1.0	-1.0
-0.97	-0.78	10.21	1.94	-1.0	0.0	-1.0	-1.0	1.0	1.0	-1.0	-1.0	-1.0	-1.0	-1.0	-1.0	-1.0	-1.0	-1.0
0.82	1.08	8.03	6.6	-1.0	1.0	1.0	-1.0	-1.0	-1.0	-1.0	-1.0	-1.0	-1.0	-1.0	-1.0	-1.0	-1.0	-1.0
1.25	0.56	7.69	6.99	-1.0	1.0	1.0	-1.0	-1.0	-1.0	-1.0	-1.0	-1.0	-1.0	-1.0	-1.0	-1.0	-1.0	-1.0
-0.89	0.77	0.86	10.36	-1.0	1.0	-1.0	-1.0	1.0	-1.0	-1.0	1.0	-1.0	-1.0	1.0	-1.0	-1.0	1.0	-1.0
-0.91	-0.04	-0.69	10.37	-1.0	1.0	-1.0	-1.0	1.0	-1.0	-1.0	1.0	-1.0	-1.0	1.0	-1.0	-1.0	1.0	-1.0
-0.84	-0.72	-1.21	10.32	-1.0	1.0	-1.0	-1.0	1.0	-1.0	-1.0	1.0	-1.0	-1.0	1.0	-1.0	-1.0	1.0	-1.0
-0.42	0.77	-1.21	10.32	-1.0	1.0	-1.0	-1.0	1.0	-1.0	-1.0	1.0	-1.0	-1.0	1.0	-1.0	-1.0	1.0	-1.0
-0.38	0.1	0.34	10.39	-1.0	1.0	-1.0	-1.0	1.0	-1.0	-1.0	1.0	-1.0	-1.0	1.0	-1.0	-1.0	1.0	-1.0
-0.41	-0.72	0.34	10.39	-1.0	1.0	-1.0	-1.0	1.0	-1.0	-1.0	1.0	-1.0	-1.0	1.0	-1.0	-1.0	1.0	-1.0
-0.43	-1.39	0.34	10.39	-1.0	1.0	-1.0	-1.0	1.0	-1.0	-1.0	1.0	-1.0	-1.0	1.0	-1.0	-1.0	1.0	-1.0
-0.52	0.89	0.34	10.39	-1.0	1.0	-1.0	-1.0	1.0	-1.0	-1.0	1.0	-1.0	-1.0	1.0	-1.0	-1.0	1.0	-1.0
-0.54	0.21	0.34	10.39	-1.0	1.0	-1.0	-1.0	1.0	-1.0	-1.0	1.0	-1.0	-1.0	1.0	-1.0	-1.0	1.0	-1.0
-0.56	-0.47	0.34	10.39	-1.0	1.0	-1.0	-1.0	1.0	-1.0	-1.0	1.0	-1.0	-1.0	1.0	-1.0	-1.0	1.0	-1.0
-0.59	-1.14	0.34	10.39	-1.0	1.0	-1.0	-1.0	1.0	-1.0	-1.0	1.0	-1.0	-1.0	1.0	-1.0	-1.0	1.0	-1.0
-0.23	1.17	-1.73	10.25	-1.0	1.0	-1.0	-1.0	1.0	-1.0	-1.0	1.0	-1.0	-1.0	1.0	-1.0	2.0	2.0	-1.0
-0.12	0.5	-1.73	10.25	-1.0	1.0	-1.0	-1.0	1.0	-1.0	-1.0	1.0	-1.0	-1.0	1.0	-1.0	2.0	2.0	-1.0
-0.03	-0.17	-0.69	10.37	-1.0	1.0	-1.0	-1.0	1.0	-1.0	-1.0	1.0	-1.0	-1.0	1.0	-1.0	2.0	2.0	-1.0
-0.04	-0.85	0.34	10.39	-1.0	1.0	-1.0	-1.0	1.0	-1.0	-1.0	1.0	-1.0	-1.0	1.0	-1.0	2.0	2.0	-1.0
-0.13	1.44	0.34	10.39	-1.0	1.0	-1.0	-1.0	1.0	-1.0	-1.0	1.0	-1.0	2.0	2.0	-1.0	-1.0	-1.0	-1.0
-0.15	0.76	0.34	10.39	-1.0	1.0	-1.0	-1.0	1.0	-1.0	-1.0	1.0	-1.0	2.0	2.0	-1.0	-1.0	-1.0	-1.0
-0.24	0.08	2.4	10.11	-1.0	1.0	-1.0	-1.0	1.0	-1.0	-1.0	1.0	-1.0	2.0	2.0	-1.0	-1.0	-1.0	-1.0
-0.42	-0.57	2.9	9.98	-1.0	1.0	-1.0	-1.0	1.0	-1.0	-1.0	1.0	-1.0	2.0	2.0	-1.0	-1.0	-1.0	-1.0
-0.61	-1.22	2.9	9.98	-1.0	1.0	-1.0	-1.0	1.0	-1.0	-1.0	1.0	-1.0	2.0	2.0	-1.0	-1.0	-1.0	-1.0
-0.91	1.09	0.34	10.39	-1.0	1.0	-1.0	-1.0	1.0	-1.0	2.0	2.0	-1.0	-1.0	-1.0	-1.0	-1.0	-1.0	-1.0
-0.93	0.41	0.34	10.39	-1.0	1.0	-1.0	-1.0	1.0	-1.0	2.0	2.0	-1.0	-1.0	-1.0	-1.0	-1.0	-1.0	-1.0
-0.95	-0.13	0.34	10.39	-1.0	1.0	-1.0	-1.0	1.0	-1.0	2.0	2.0	-1.0	-1.0	-1.0	-1.0	-1.0	-1.0	-1.0
-0.97	-0.81	0.34	10.39	-1.0	1.0	-1.0	-1.0	1.0	-1.0	2.0	2.0	-1.0	-1.0	-1.0	-1.0	-1.0	-1.0	-1.0
-0.78	0.96	-3.24	9.88	-1.0	1.0	-1.0	2.0	2.0	-1.0	-1.0	-1.0	-1.0	-1.0	-1.0	-1.0	-1.0	-1.0	-1.0
-0.52	0.33	-4.21	9.5	-1.0	1.0	-1.0	2.0	2.0	-1.0	-1.0	-1.0	-1.0	-1.0	-1.0	-1.0	-1.0	-1.0	-1.0
-0.24	-0.29	-4.21	9.5	-1.0	1.0	-1.0	2.0	2.0	-1.0	-1.0	-1.0	-1.0	-1.0	-1.0	-1.0	-1.0	-1.0	-1.0
0.03	-0.91	-4.21	9.5	-1.0	1.0	-1.0	2.0	2.0	-1.0	-1.0	-1.0	-1.0	-1.0	-1.0	-1.0	-1.0	-1.0	-1.0
0.8	1.03	-10.34	1.08	-1.0	2.0	-1.0	-1.0	2.0	-1.0	-1.0	2.0	-1.0	-1.0	2.0	-1.0	-1.0	2.0	-1.0
0.75	0.22	-10.38	0.56	-1.0	2.0	-1.0	-1.0	2.0	-1.0	-1.0	2.0	-1.0	-1.0	2.0	-1.0	-1.0	2.0	-1.0
0.72	-0.46	-10.38	0.56	-1.0	2.0	-1.0	-1.0	2.0	-1.0	-1.0	2.0	-1.0	-1.0	2.0	-1.0	-1.0	2.0	-1.0
0.69	-1.0	-10.38	0.56	-1.0	2.0	-1.0	-1.0	2.0	-1.0	-1.0	2.0	-1.0	-1.0	2.0	-1.0	-1.0	2.0	-1.0
0.21	1.34	-10.06	2.61	-1.0	2.0	-1.0	-1.0	2.0	-1.0	-1.0	2.0	-1.0	-1.0	2.0	-1.0	-1.0	2.0	-1.0
0.03	0.68	-10.06	2.61	-1.0	2.0	-1.0	-1.0	2.0	-1.0	-1.0	2.0	-1.0	-1.0	2.0	-1.0	-1.0	2.0	-1.0
-0.14	0.03	-10.06	2.61	-1.0	2.0	-1.0	-1.0	2.0	-1.0	-1.0	2.0	-1.0	-1.0	2.0	-1.0	-1.0	2.0	-1.0
-0.31	-0.63	-10.06	2.61	-1.0	2.0	-1.0	-1.0	2.0	-1.0	-1.0	2.0	-1.0	-1.0	2.0	-1.0	-1.0	2.0	-1.0
-0.46	-1.29	-10.27	1.59	-1.0	2.0	-1.0	-1.0	2.0	-1.0	-1.0	2.0	-1.0	-1.0	2.0	-1.0	-1.0	2.0	-1.0
-0.49	0.87	-10.19	-2.02	-1.0	2.0	-1.0	-1.0	2.0	-1.0	-1.0	2.0	-1.0	-1.0	2.0	-1.0	-1.0	2.0	-1.0
-0.36	0.2	-10.19	-2.02	-1.0	2.0	-1.0	-1.0	2.0	-1.0	-1.0	2.0	-1.0	-1.0	2.0	-1.0	-1.0	2.0	-1.0
-0.22	-0.46	-10.19	-2.02	-1.0	2.0	-1.0	-1.0	2.0	-1.0	-1.0	2.0	-1.0	-1.0	2.0	-1.0	-1.0	2.0	-1.0
-0.09	-1.13	-10.19	-2.02	-1.0	2.0	-1.0	-1.0	2.0	-1.0	-1.0	2.0	-1.0	-1.0	2.0	-1.0	-1.0	2.0	-1.0
0.13	1.17	-10.38	-0.48	-1.0	2.0	-1.0	-1.0	2.0	-1.0	-1.0	2.0	-1.0	-1.0	2.0	-1.0	3.0	3.0	-1.0
0.17	0.49	-10.38	-0.48	-1.0	2.0	-1.0	-1.0	2.0	-1.0	-1.0	2.0	-1.0	-1.0	2.0	-1.0	3.0	3.0	-1.0
0.2	-0.19	-10.38	-0.48	-1.0	2.0	-1.0	-1.0	2.0	-1.0	-1.0	2.0	-1.0	-1.0	2.0	-1.0	3.0	3.0	-1.0
0.19	-0.86	-10.34	1.08	-1.0	2.0	-1.0	-1.0	2.0	-1.0	-1.0	2.0	-1.0	-1.0	2.0	-1.0	3.0	3.0	-1.0
-0.24	1.32	-10.27	1.59	-1.0	2.0	-1.0	-1.0	2.0	-1.0	-1.0	2.0	-1.0	3.0	3.0	-1.0	-1.0	-1.0	-1.0
-0.34	0.65	-10.27	1.59	-1.0	2.0	-1.0	-1.0	2.0	-1.0	-1.0	2.0	-1.0	3.0	3.0	-1.0	-1.0	-1.0	-1.0
-0.44	-0.02	-10.27	1.59	-1.0	2.0	-1.0	-1.0	2.0	-1.0	-1.0	2.0	-1.0	3.0	3.0	-1.0	-1.0	-1.0	-1.0
-0.55	-0.69	-10.27	1.59	-1.0	2.0	-1.0	-1.0	2.0	-1.0	-1.0	2.0	-1.0	3.0	3.0	-1.0	-1.0	-1.0	-1.0
-0.85	0.93	-10.39	0.04	-1.0	2.0	-1.0	-1.0	2.0	-1.0	3.0	3.0	-1.0	-1.0	-1.0	-1.0	-1.0	2.0	-1.0
-0.85	0.25	-10.39	0.04	-1.0	2.0	-1.0	-1.0	2.0	-1.0	3.0	3.0	-1.0	-1.0	-1.0	-1.0	-1.0	2.0	-1.0
-0.85	-0.43	-10.39	0.04	-1.0	2.0	-1.0	-1.0	2.0	-1.0	3.0	3.0	-1.0	-1.0	-1.0	-1.0	-1.0	2.0	-1.0
-0.85	-1.1	-10.39	0.04	-1.0	2.0	-1.0	-1.0	2.0	-1.0	3.0	3.0	-1.0	-1.0	-1.0	-1.0	-1.0	2.0	-1.0
-0.77	1.05	-10.19	-2.02	-1.0	2.0	-1.0	3.0	3.0	-1.0	-1.0	-1.0	-1.0	-1.0	2.0	-1.0	-1.0	2.0	-1.0
-0.59	0.4	-9.78	-3.52	-1.0	2.0	-1.0	3.0	3.0	-1.0	-1.0	-1.0	-1.0	-1.0	2.0	-1.0	-1.0	2.0	-1.0
-0.31	-0.22	-9.14	-4.95	-1.0	2.0	-1.0	3.0	3.0	-1.0	-1.0	-1.0	-1.0	-1.0	2.0	-1.0	-1.0	2.0	-1.0
0.06	-0.79	-8.6	-5.83	-1.0	2.0	-1.0	3.0	3.0	-1.0	-1.0	-1.0	-1.0	-1.0	2.0	-1.0	-1.0	2.0	-1.0
0.44	-1.35	-8.6	-5.83	-1.0	2.0	-1.0	3.0	3.0	-1.0	-1.0	-1.0	-1.0	-1.0	2.0	-1.0	-1.0	2.0	-1.0
0.44	1.21	-3.8	-9.67	-1.0	3.0	-1.0	-1.0	3.0	-1.0	-1.0	3.0	-1.0	-1.0	3.0	-1.0	-1.0	3.0	-1.0
0.14	0.45	-3.8	-9.67	-1.0	3.0	-1.0	-1.0	3.0	-1.0	-1.0	3.0	-1.0	-1.0	3.0	-1.0	-1.0	3.0	-1.0
-0.06	-0.2	-2.32	-10.13	-1.0	3.0	-1.0	-1.0	3.0	-1.0	-1.0	3.0	-1.0	-1.0	3.0	-1.0	-1.0	3.0	-1.0
-0.17	-0.87	-0.78	-10.36	-1.0	3.0	-1.0	-1.0	3.0	-1.0	-1.0	3.0	-1.0	-1.0	3.0	-1.0	-1.0	3.0	-1.0
-0.01	1.42	0.78	-10.36	-1.0	3.0	-1.0	-1.0	3.0	-1.0	-1.0	3.0	-1.0	-1.0	3.0	-1.0	-1.0	3.0	-1.0
0.04	0.75	0.78	-10.36	-1.0	3.0	-1.0	-1.0	3.0	-1.0	-1.0	3.0	-1.0	-1.0	3.0	-1.0	-1.0	3.0	-1.0
0.1	-0.07	0.78	-10.36	-1.0	3.0	-1.0	-1.0	3.0	-1.0	-1.0	3.0	-1.0	-1.0	3.0	-1.0	-1.0	3.0	-1.0
0.15	-0.74	0.78	-10.36	-1.0	3.0	-1.0	-1.0	3.0	-1.0	-1.0	3.0	-1.0	-1.0	3.0	-1.0	-1.0	3.0	-1.0
0.2	-1.42	0.78	-10.36	-1.0	3.0	-1.0	-1.0	3.0	-1.0	-1.0	3.0	-1.0	-1.0	3.0	-1.0	-1.0	3.0	-1.0
0.08	0.87	-0.78	-10.36	-1.0	3.0	-1.0	-1.0	3.0	-1.0	-1.0	3.0	-1.0	-1.0	3.0	-1.0	-1.0	3.0	-1.0
0.03	0.19	-0.78	-10.36	-1.0	3.0	-1.0	-1.0	3.0	-1.0	-1.0	3.0	-1.0	-1.0	3.0	-1.0	-1.0	3.0	-1.0
-0.03	-0.48	-0.78	-10.36	-1.0	3.0	-1.0	-1.0	3.0	-1.0	-1.0	3.0	-1.0	-1.0	3.0	-1.0	-1.0	3.0	-1.0
-0.09	-1.3	-0.78	-10.36	-1.0	3.0	-1.0	-1.0	3.0	-1.0	-1.0	3.0	-1.0	-1.0	3.0	-1.0	-1.0	3.0	-1.0
-0.29	1.0	-0.78	-10.36	-1.0	3.0	-1.0	-1.0	3.0	-1.0	-1.0	3.0	-1.0	-1.0	3.0	-1.0	-1.0	0.0	0.0
-0.34	0.32	-0.78	-10.36	-1.0	3.0	-1.0	-1.0	3.0	-1.0	-1.0	3.0	-1.0	-1.0	3.0	-1.0	-1.0	0.0	0.0
-0.39	-0.36	-0.78	-10.36	-1.0	3.0	-1.0	-1.0	3.0	-1.0	-1.0	3.0	-1.0	-1.0	3.0	-1.0	-1.0	0.0	0.0
-0.46	-1.17	-1.29	-10.31	-1.0	3.0	-1.0	-1.0	3.0	-1.0	-1.0	3.0	-1.0	-1.0	3.0	-1.0	-1.0	0.0	0.0
-1.13	0.51	-0.78	-10.36	-1.0	3.0	-1.0	-1.0	3.0	-1.0	-1.0	3.0	-1.0	-1.0	0.0	0.0	-1.0	-1.0	-1.0
-1.18	-0.17	-0.78	-10.36	-1.0	3.0	-1.0	-1.0	3.0	-1.0	-1.0	3.0	-1.0	-1.0	0.0	0.0	-1.0	-1.0	-1.0
-1.23	-0.85	-0.78	-10.36	-1.0	3.0	-1.0	-1.0	3.0	-1.0	-1.0	3.0	-1.0	-1.0	0.0	0.0	-1.0	-1.0	-1.0
-1.04	0.5	0.78	-10.36	-1.0	3.0	-1.0	-1.0	3.0	-1.0	-1.0	0.0	0.0	-1.0	-1.0	-1.0	-1.0	-1.0	-1.0
-1.0	-0.04	0.78	-10.36	-1.0	3.0	-1.0	-1.0	3.0	-1.0	-1.0	0.0	0.0	-1.0	-1.0	-1.0	-1.0	-1.0	-1.0
-0.98	-0.72	-0.78	-10.36	-1.0	3.0	-1.0	-1.0	3.0	-1.0	-1.0	0.0	0.0	-1.0	-1.0	-1.0	-1.0	-1.0	-1.0
-0.93	0.89	0.78	-10.36	-1.0	3.0	-1.0	-1.0	0.0	0.0	-1.0	-1.0	-1.0	-1.0	-1.0	-1.0	-1.0	-1.0	-1.0
-0.87	0.22	0.78	-10.36	-1.0	3.0	-1.0	-1.0	0.0	0.0	-1.0	-1.0	-1.0	-1.0	-1.0	-1.0	-1.0	-1.0	-1.0
-0.82	-0.46	0.78	-10.36	-1.0	3.0	-1.0	-1.0	0.0	0.0	-1.0	-1.0	-1.0	-1.0	-1.0	-1.0	-1.0	-1.0	-1.0
-0.77	-1.14	1.3	-10.31	-1.0	3.0	-1.0	-1.0	0.0	0.0	-1.0	-1.0	-1.0	-1.0	-1.0	-1.0	-1.0	-1.0	-1.0
0.37	1.43	6.08	-8.43	-1.0	0.0	0.0	-1.0	-1.0	-1.0	-1.0	-1.0	-1.0	-1.0	-1.0	-1.0	-1.0	-1.0	-1.0
0.77	0.88	6.08	-8.43	-1.0	0.0	0.0	-1.0	-1.0	-1.0	-1.0	-1.0	-1.0	-1.0	-1.0	-1.0	-1.0	-1.0	-1.0
1.2	0.36	7.27	-7.42	-1.0	0.0	0.0	-1.0	-1.0	-1.0	-1.0	-1.0	-1.0	-1.0	-1.0	-1.0	-1.0	-1.0	-1.0
-1.01	0.78	10.38	-0.47	-1.0	0.0	-1.0	-1.0	0.0	-1.0	-1.0	0.0	-1.0	-1.0	0.0	-1.0	-1.0	0.0	-1.0
-0.99	0.1	10.34	1.08	-1.0	0.0	-1.0	-1.0	0.0	-1.0	-1.0	0.0	-1.0	-1.0	0.0	-1.0	-1.0	0.0	-1.0
-0.92	-0.57	10.34	1.08	-1.0	0.0	-1.0	-1.0	0.0	-1.0	-1.0	0.0	-1.0	-1.0	0.0	-1.0	-1.0	0.0	-1.0
-0.8	0.91	10.38	-0.47	-1.0	0.0	-1.0	-1.0	0.0	-1.0	-1.0	0.0	-1.0	-1.0	0.0	-1.0	-1.0	0.0	-1.0
-0.83	0.23	10.38	-0.47	-1.0	0.0	-1.0	-1.0	0.0	-1.0	-1.0	0.0	-1.0	-1.0	0.0	-1.0	-1.0	0.0	-1.0
-0.87	-0.58	10.38	-0.47	-1.0	0.0	-1.0	-1.0	0.0	-1.0	-1.0	0.0	-1.0	-1.0	0.0	-1.0	-1.0	0.0	-1.0
-0.98	0.89	10.34	1.08	-1.0	0.0	-1.0	-1.0	0.0	-1.0	-1.0	0.0	-1.0	-1.0	0.0	-1.0	-1.0	0.0	-1.0
-0.86	0.09	10.27	1.6	-1.0	0.0	-1.0	-1.0	0.0	-1.0	-1.0	0.0	-1.0	-1.0	0.0	-1.0	-1.0	0.0	-1.0
-0.76	-0.58	10.27	1.6	-1.0	0.0	-1.0	-1.0	0.0	-1.0	-1.0	0.0	-1.0	-1.0	0.0	-1.0	-1.0	0.0	-1.0
-0.65	-1.25	10.27	1.6	-1.0	0.0	-1.0	-1.0	0.0	-1.0	-1.0	0.0	-1.0	-1.0	0.0	-1.0	-1.0	0.0	-1.0
0.11	1.15	10.18	2.11	-1.0	0.0	-1.0	-1.0	0.0	-1.0	-1.0	0.0	-1.0	-1.0	0.0	-1.0	-1.0	1.0	1.0
0.2	0.48	10.34	1.08	-1.0	0.0	-1.0	-1.0	0.0	-1.0	-1.0	0.0	-1.0	-1.0	0.0	-1.0	-1.0	1.0	1.0
0.27	-0.2	10.34	1.08	-1.0	0.0	-1.0	-1.0	0.0	-1.0	-1.0	0.0	-1.0	-1.0	0.0	-1.0	-1.0	1.0	1.0
0.33	-0.88	10.39	0.05	-1.0	0.0	-1.0	-1.0	0.0	-1.0	-1.0	0.0	-1.0	-1.0	0.0	-1.0	-1.0	1.0	1.0
-0.13	1.45	9.94	-3.03	-1.0	0.0	-1.0	-1.0	0.0	-1.0	-1.0	0.0	-1.0	-1.0	1.0	1.0	-1.0	-1.0	-1.0
-0.38	0.82	9.59	-4.0	-1.0	0.0	-1.0	-1.0	0.0	-1.0	-1.0	0.0	-1.0	-1.0	1.0	1.0	-1.0	-1.0	-1.0
-0.65	0.2	9.59	-4.0	-1.0	0.0	-1.0	-1.0	0.0	-1.0	-1.0	0.0	-1.0	-1.0	1.0	1.0	-1.0	-1.0	-1.0
-0.91	-0.43	9.59	-4.0	-1.0	0.0	-1.0	-1.0	0.0	-1.0	-1.0	0.0	-1.0	-1.0	1.0	1.0	-1.0	-1.0	-1.0
-1.32	0.6	10.34	1.08	-1.0	0.0	-1.0	-1.0	0.0	-1.0	-1.0	1.0	1.0	-1.0	-1.0	-1.0	-1.0	-1.0	-1.0
-1.25	-0.08	10.34	1.08	-1.0	0.0	-1.0	-1.0	0.0	-1.0	-1.0	1.0	1.0	-1.0	-1.0	-1.0	-1.0	-1.0	-1.0
-1.18	-0.75	10.34	1.08	-1.0	0.0	-1.0	-1.0	0.0	-1.0	-1.0	1.0	1.0	-1.0	-1.0	-1.0	-1.0	-1.0	-1.0
-0.99	0.73	10.38	-0.47	-1.0	0.0	-1.0	-1.0	1.0	1.0	-1.0	-1.0	-1.0	-1.0	-1.0	-1.0	-1.0	-1.0	-1.0
-1.0	0.05	10.38	0.57	-1.0	0.0	-1.0	-1.0	1.0	1.0	-1.0	-1.0	-1.0	-1.0	-1.0	-1.0	-1.0	-1.0	-1.0
-0.91	-0.62	10.18	2.11	-1.0	0.0	-1.0	-1.0	1.0	1.0	-1.0	-1.0	-1.0	-1.0	-1.0	-1.0	-1.0	-1.0	-1.0
0.53	1.19	7.92	6.73	-1.0	1.0	1.0	-1.0	-1.0	-1.0	-1.0	-1.0	-1.0	-1.0	-1.0	-1.0	-1.0	-1.0	-1.0
0.99	0.69	7.57	7.12	-1.0	1.0	1.0	-1.0	-1.0	-1.0	-1.0	-1.0	-1.0	-1.0	-1.0	-1.0	-1.0	-1.0	-1.0
1.08	0.59	7.57	7.12	-1.0	1.0	1.0	-1.0	-1.0	-1.0	-1.0	-1.0	-1.0	-1.0	-1.0	-1.0	-1.0	-1.0	-1.0
-1.02	0.99	2.74	10.03	-1.0	1.0	-1.0	-1.0	1.0	-1.0	-1.0	1.0	-1.0	-1.0	1.0	-1.0	-1.0	1.0	-1.0
-1.15	0.32	1.21	10.32	-1.0	1.0	-1.0	-1.0	1.0	-1.0	-1.0	1.0	-1.0	-1.0	1.0	-1.0	-1.0	1.0	-1.0
-1.17	-0.49	-0.87	10.36	-1.0	1.0	-1.0	-1.0	1.0	-1.0	-1.0	1.0	-1.0	-1.0	1.0	-1.0	-1.0	1.0	-1.0
-0.63	1.16	-0.35	10.39	-1.0	1.0	-1.0	-1.0	1.0	-1.0	-1.0	1.0	-1.0	-1.0	1.0	-1.0	-1.0	1.0	-1.0
-0.63	0.48	0.17	10.39	-1.0	1.0	-1.0	-1.0	1.0	-1.0	-1.0	1.0	-1.0	-1.0	1.0	-1.0	-1.0	1.0	-1.0
-0.64	-0.2	0.17	10.39	-1.0	1.0	-1.0	-1.0	1.0	-1.0	-1.0	1.0	-1.0	-1.0	1.0	-1.0	-1.0	1.0	-1.0
-0.66	-0.88	0.17	10.39	-1.0	1.0	-1.0	-1.0	1.0	-1.0	-1.0	1.0	-1.0	-1.0	1.0	-1.0	-1.0	1.0	-1.0
-0.71	0.6	0.17	10.39	-1.0	1.0	-1.0	-1.0	1.0	-1.0	-1.0	1.0	-1.0	-1.0	1.0	-1.0	-1.0	1.0	-1.0
-0.72	-0.08	0.17	10.39	-1.0	1.0	-1.0	-1.0	1.0	-1.0	-1.0	1.0	-1.0	-1.0	1.0	-1.0	-1.0	1.0	-1.0
-0.71	-0.76	-0.87	10.36	-1.0	1.0	-1.0	-1.0	1.0	-1.0	-1.0	1.0	-1.0	-1.0	1.0	-1.0	-1.0	1.0	-1.0
-0.18	1.3	-1.9	10.22	-1.0	1.0	-1.0	-1.0	1.0	-1.0	-1.0	1.0	-1.0	-1.0	1.0	-1.0	2.0	2.0	-1.0
-0.11	0.62	-0.87	10.36	-1.0	1.0	-1.0	-1.0	1.0	-1.0	-1.0	1.0	-1.0	-1.0	1.0	-1.0	2.0	2.0	-1.0
-0.05	-0.05	-0.87	10.36	-1.0	1.0	-1.0	-1.0	1.0	-1.0	-1.0	1.0	-1.0	-1.0	1.0	-1.0	2.0	2.0	-1.0
0.01	-0.73	-0.87	10.36	-1.0	1.0	-1.0	-1.0	1.0	-1.0	-1.0	1.0	-1.0	-1.0	1.0	-1.0	2.0	2.0	-1.0
0.06	-1.4	-0.87	10.36	-1.0	1.0	-1.0	-1.0	1.0	-1.0	-1.0	1.0	-1.0	-1.0	1.0	-1.0	2.0	2.0	-1.0
-0.24	0.91	1.72	10.25	-1.0	1.0	-1.0	-1.0	1.0	-1.0	-1.0	1.0	-1.0	2.0	2.0	-1.0	-1.0	-1.0	-1.0
-0.36	0.24	1.72	10.25	-1.0	1.0	-1.0	-1.0	1.0	-1.0	-1.0	1.0	-1.0	2.0	2.0	-1.0	-1.0	-1.0	-1.0
-0.47	-0.43	1.72	10.25	-1.0	1.0	-1.0	-1.0	1.0	-1.0	-1.0	1.0	-1.0	2.0	2.0	-1.0	-1.0	-1.0	-1.0
-0.58	-1.1	1.72	10.25	-1.0	1.0	-1.0	-1.0	1.0	-1.0	-1.0	1.0	-1.0	2.0	2.0	-1.0	-1.0	-1.0	-1.0
-0.74	1.19	0.17	10.39	-1.0	1.0	-1.0	-1.0	1.0	-1.0	2.0	2.0	-1.0	-1.0	-1.0	-1.0	-1.0	-1.0	-1.0
-0.75	0.51	0.17	10.39	-1.0	1.0	-1.0	-1.0	1.0	-1.0	2.0	2.0	-1.0	-1.0	-1.0	-1.0	-1.0	-1.0	-1.0
-0.76	-0.17	0.17	10.39	-1.0	1.0	-1.0	-1.0	1.0	-1.0	2.0	2.0	-1.0	-1.0	-1.0	-1.0	-1.0	-1.0	-1.0
-0.77	-0.84	0.17	10.39	-1.0	1.0	-1.0	-1.0	1.0	-1.0	2.0	2.0	-1.0	-1.0	-1.0	-1.0	-1.0	-1.0	-1.0
-1.05	0.78	1.21	10.32	-1.0	1.0	-1.0	2.0	2.0	-1.0	-1.0	-1.0	-1.0	-1.0	-1.0	-1.0	-1.0	-1.0	-1.0
-1.07	-0.03	-0.87	10.36	-1.0	1.0	-1.0	2.0	2.0	-1.0	-1.0	-1.0	-1.0	-1.0	-1.0	-1.0	-1.0	-1.0	-1.0
-0.96	-0.7	-2.41	10.11	-1.0	1.0	-1.0	2.0	2.0	-1.0	-1.0	-1.0	-1.0	-1.0	-1.0	-1.0	-1.0	-1.0	-1.0
1.13	0.84	-6.15	8.37	2.0	2.0	-1.0	-1.0	-1.0	-1.0	-1.0	-1.0	-1.0	-1.0	-1.0	-1.0	-1.0	-1.0	-1.0
-0.84	1.02	-10.29	1.42	-1.0	2.0	-1.0	-1.0	2.0	-1.0	-1.0	2.0	-1.0	-1.0	2.0	-1.0	-1.0	2.0	-1.0
-0.88	0.34	-10.39	-0.13	-1.0	2.0	-1.0	-1.0	2.0	-1.0	-1.0	2.0	-1.0	-1.0	2.0	-1.0	-1.0	2.0	-1.0
-0.87	-0.34	-10.39	-0.13	-1.0	2.0	-1.0	-1.0	2.0	-1.0	-1.0	2.0	-1.0	-1.0	2.0	-1.0	-1.0	2.0	-1.0
-0.86	-1.02	-10.39	-0.13	-1.0	2.0	-1.0	-1.0	2.0	-1.0	-1.0	2.0	-1.0	-1.0	2.0	-1.0	-1.0	2.0	-1.0
-0.8	0.59	-10.33	-1.17	-1.0	2.0	-1.0	-1.0	2.0	-1.0	-1.0	2.0	-1.0	-1.0	2.0	-1.0	-1.0	2.0	-1.0
-0.68	-0.08	-10.04	-2.7	-1.0	2.0	-1.0	-1.0	2.0	-1.0	-1.0	2.0	-1.0	-1.0	2.0	-1.0	-1.0	2.0	-1.0
-0.47	-0.72	-9.89	-3.2	-1.0	2.0	-1.0	-1.0	2.0	-1.0	-1.0	2.0	-1.0	-1.0	2.0	-1.0	-1.0	2.0	-1.0
-0.27	-1.37	-9.89	-3.2	-1.0	2.0	-1.0	-1.0	2.0	-1.0	-1.0	2.0	-1.0	-1.0	2.0	-1.0	-1.0	2.0	-1.0
0.32	0.98	-10.25	-1.68	-1.0	2.0	-1.0	-1.0	2.0	-1.0	-1.0	2.0	-1.0	-1.0	2.0	-1.0	-1.0	2.0	-1.0
0.42	0.31	-10.37	-0.65	-1.0	2.0	-1.0	-1.0	2.0	-1.0	-1.0	2.0	-1.0	-1.0	2.0	-1.0	-1.0	2.0	-1.0
0.42	-0.37	-10.35	0.9	-1.0	2.0	-1.0	-1.0	2.0	-1.0	-1.0	2.0	-1.0	-1.0	2.0	-1.0	-1.0	2.0	-1.0
0.37	-0.91	-10.35	0.9	-1.0	2.0	-1.0	-1.0	2.0	-1.0	-1.0	2.0	-1.0	-1.0	2.0	-1.0	-1.0	2.0	-1.0
0.34	-1.31	-10.35	0.9	-1.0	2.0	-1.0	-1.0	2.0	-1.0	-1.0	2.0	-1.0	-1.0	2.0	-1.0	-1.0	2.0	-1.0
0.1	0.98	-10.35	0.9	-1.0	2.0	-1.0	-1.0	2.0	-1.0	-1.0	2.0	-1.0	-1.0	2.0	-1.0	3.0	3.0	-1.0
0.04	0.31	-10.35	0.9	-1.0	2.0	-1.0	-1.0	2.0	-1.0	-1.0	2.0	-1.0	-1.0	2.0	-1.0	3.0	3.0	-1.0
-0.02	-0.37	-10.35	0.9	-1.0	2.0	-1.0	-1.0	2.0	-1.0	-1.0	2.0	-1.0	-1.0	2.0	-1.0	3.0	3.0	-1.0
-0.08	-1.05	-10.35	0.9	-1.0	2.0	-1.0	-1.0	2.0	-1.0	-1.0	2.0	-1.0	-1.0	2.0	-1.0	3.0	3.0	-1.0
-0.31	1.25	-10.35	0.9	-1.0	2.0	-1.0	-1.0	2.0	-1.0	-1.0	2.0	-1.0	3.0	3.0	-1.0	-1.0	-1.0	-1.0
-0.37	0.57	-10.35	0.9	-1.0	2.0	-1.0	-1.0	2.0	-1.0	-1.0	2.0	-1.0	3.0	3.0	-1.0	-1.0	-1.0	-1.0
-0.44	-0.24	-10.35	0.9	-1.0	2.0	-1.0	-1.0	2.0	-1.0	-1.0	2.0	-1.0	3.0	3.0	-1.0	-1.0	-1.0	-1.0
-0.51	-0.91	-10.29	1.42	-1.0	2.0	-1.0	-1.0	2.0	-1.0	-1.0	2.0	-1.0	3.0	3.0	-1.0	-1.0	-1.0	-1.0
-1.21	0.78	-10.39	0.39	-1.0	2.0	-1.0	-1.0	2.0	-1.0	3.0	3.0	-1.0	-1.0	-1.0	-1.0	-1.0	2.0	-1.0
-1.17	0.1	-10.33	-1.17	-1.0	2.0	-1.0	-1.0	2.0	-1.0	3.0	3.0	-1.0	-1.0	-1.0	-1.0	-1.0	2.0	-1.0
-1.09	-0.57	-10.33	-1.17	-1.0	2.0	-1.0	-1.0	2.0	-1.0	3.0	3.0	-1.0	-1.0	-1.0	-1.0	-1.0	2.0	-1.0
-0.7	0.92	-10.33	-1.17	-1.0	2.0	-1.0	3.0	3.0	-1.0	-1.0	-1.0	-1.0	-1.0	2.0	-1.0	-1.0	2.0	-1.0
-0.61	0.25	-10.25	-1.68	-1.0	2.0	-1.0	3.0	3.0	-1.0	-1.0	-1.0	-1.0	-1.0	2.0	-1.0	-1.0	2.0	-1.0
-0.56	-0.02	-10.16	-2.2	-1.0	2.0	-1.0	3.0	3.0	-1.0	-1.0	-1.0	-1.0	-1.0	2.0	-1.0	-1.0	2.0	-1.0
-0.38	-0.67	-9.89	-3.2	-1.0	2.0	-1.0	3.0	3.0	-1.0	-1.0	-1.0	-1.0	-1.0	2.0	-1.0	-1.0	2.0	-1.0
-0.11	-1.3	-9.3	-4.64	-1.0	2.0	-1.0	3.0	3.0	-1.0	-1.0	-1.0	-1.0	-1.0	2.0	-1.0	-1.0	2.0	-1.0
0.03	1.16	-5.05	-9.08	-1.0	3.0	-1.0	-1.0	3.0	-1.0	-1.0	3.0	-1.0	-1.0	3.0	-1.0	-1.0	3.0	-1.0
-0.31	0.42	-3.64	-9.73	-1.0	3.0	-1.0	-1.0	3.0	-1.0	-1.0	3.0	-1.0	-1.0	3.0	-1.0	-1.0	3.0	-1.0
-0.48	-0.23	-2.15	-10.17	-1.0	3.0	-1.0	-1.0	3.0	-1.0	-1.0	3.0	-1.0	-1.0	3.0	-1.0	-1.0	3.0	-1.0
-0.55	-0.91	-0.6	-10.37	-1.0	3.0	-1.0	-1.0	3.0	-1.0	-1.0	3.0	-1.0	-1.0	3.0	-1.0	-1.0	3.0	-1.0
-0.57	1.38	-0.08	-10.39	-1.0	3.0	-1.0	-1.0	3.0	-1.0	-1.0	3.0	-1.0	-1.0	3.0	-1.0	-1.0	3.0	-1.0
-0.58	0.7	-0.08	-10.39	-1.0	3.0	-1.0	-1.0	3.0	-1.0	-1.0	3.0	-1.0	-1.0	3.0	-1.0	-1.0	3.0	-1.0
-0.58	0.02	-0.08	-10.39	-1.0	3.0	-1.0	-1.0	3.0	-1.0	-1.0	3.0	-1.0	-1.0	3.0	-1.0	-1.0	3.0	-1.0
-0.58	-0.66	0.96	-10.35	-1.0	3.0	-1.0	-1.0	3.0	-1.0	-1.0	3.0	-1.0	-1.0	3.0	-1.0	-1.0	3.0	-1.0
-0.47	-1.33	1.98	-10.2	-1.0	3.0	-1.0	-1.0	3.0	-1.0	-1.0	3.0	-1.0	-1.0	3.0	-1.0	-1.0	3.0	-1.0
-0.1	0.86	-0.6	-10.37	-1.0	3.0	-1.0	-1.0	3.0	-1.0	-1.0	3.0	-1.0	-1.0	3.0	-1.0	-1.0	3.0	-1.0
-0.13	0.31	-0.6	-10.37	-1.0	3.0	-1.0	-1.0	3.0	-1.0	-1.0	3.0	-1.0	-1.0	3.0	-1.0	-1.0	3.0	-1.0
-0.16	-0.23	-0.6	-10.37	-1.0	3.0	-1.0	-1.0	3.0	-1.0	-1.0	3.0	-1.0	-1.0	3.0	-1.0	-1.0	3.0	-1.0
-0.21	-1.04	-0.6	-10.37	-1.0	3.0	-1.0	-1.0	3.0	-1.0	-1.0	3.0	-1.0	-1.0	3.0	-1.0	-1.0	3.0	-1.0
-0.36	1.25	-0.6	-10.37	-1.0	3.0	-1.0	-1.0	3.0	-1.0	-1.0	3.0	-1.0	-1.0	3.0	-1.0	-1.0	0.0	0.0
-0.4	0.57	-0.6	-10.37	-1.0	3.0	-1.0	-1.0	3.0	-1.0	-1.0	3.0	-1.0	-1.0	3.0	-1.0	-1.0	0.0	0.0
-0.44	-0.11	-0.6	-10.37	-1.0	3.0	-1.0	-1.0	3.0	-1.0	-1.0	3.0	-1.0	-1.0	3.0	-1.0	-1.0	0.0	0.0
-0.48	-0.79	-0.6	-10.37	-1.0	3.0	-1.0	-1.0	3.0	-1.0	-1.0	3.0	-1.0	-1.0	3.0	-1.0	-1.0	0.0	0.0
-0.69	0.69	-0.6	-10.37	-1.0	3.0	-1.0	-1.0	3.0	-1.0	-1.0	3.0	-1.0	-1.0	0.0	0.0	-1.0	-1.0	-1.0
-0.73	0.01	-0.6	-10.37	-1.0	3.0	-1.0	-1.0	3.0	-1.0	-1.0	3.0	-1.0	-1.0	0.0	0.0	-1.0	-1.0	-1.0
-0.77	-0.66	-0.6	-10.37	-1.0	3.0	-1.0	-1.0	3.0	-1.0	-1.0	3.0	-1.0	-1.0	0.0	0.0	-1.0	-1.0	-1.0
-1.18	0.31	0.44	-10.38	-1.0	3.0	-1.0	-1.0	3.0	-1.0	-1.0	0.0	0.0	-1.0	-1.0	-1.0	-1.0	-1.0	-1.0
-1.16	-0.24	0.44	-10.38	-1.0	3.0	-1.0	-1.0	3.0	-1.0	-1.0	0.0	0.0	-1.0	-1.0	-1.0	-1.0	-1.0	-1.0
-1.13	-0.91	0.44	-10.38	-1.0	3.0	-1.0	-1.0	3.0	-1.0	-1.0	0.0	0.0	-1.0	-1.0	-1.0	-1.0	-1.0	-1.0
-1.14	0.83	-0.6	-10.37	-1.0	3.0	-1.0	-1.0	0.0	0.0	-1.0	-1.0	-1.0	-1.0	-1.0	-1.0	-1.0	-1.0	-1.0
-1.14	0.15	0.96	-10.35	-1.0	3.0	-1.0	-1.0	0.0	0.0	-1.0	-1.0	-1.0	-1.0	-1.0	-1.0	-1.0	-1.0	-1.0
-1.03	-0.52	2.49	-10.09	-1.0	3.0	-1.0	-1.0	0.0	0.0	-1.0	-1.0	-1.0	-1.0	-1.0	-1.0	-1.0	-1.0	-1.0
-0.84	-1.17	2.99	-9.95	-1.0	3.0	-1.0	-1.0	0.0	0.0	-1.0	-1.0	-1.0	-1.0	-1.0	-1.0	-1.0	-1.0	-1.0
0.36	1.4	5.8	-8.62	-1.0	0.0	0.0	-1.0	-1.0	-1.0	-1.0	-1.0	-1.0	-1.0	-1.0	-1.0	-1.0	-1.0	-1.0
0.79	0.88	7.02	-7.66	-1.0	0.0	0.0	-1.0	-1.0	-1.0	-1.0	-1.0	-1.0	-1.0	-1.0	-1.0	-1.0	-1.0	-1.0
0.43	-1.3	8.09	-6.52	-1.0	0.0	3.0	-1.0	0.0	-1.0	-1.0	0.0	-1.0	-1.0	0.0	-1.0	-1.0	0.0	-1.0
-0.77	1.28	10.12	-2.36	-1.0	0.0	-1.0	-1.0	0.0	-1.0	-1.0	0.0	-1.0	-1.0	0.0	-1.0	-1.0	0.0	-1.0
-0.89	0.62	10.36	-0.82	-1.0	0.0	-1.0	-1.0	0.0	-1.0	-1.0	0.0	-1.0	-1.0	0.0	-1.0	-1.0	0.0	-1.0
-0.91	-0.06	10.39	0.22	-1.0	0.0	-1.0	-1.0	0.0	-1.0	-1.0	0.0	-1.0	-1.0	0.0	-1.0	-1.0	0.0	-1.0
-0.9	-0.74	10.39	0.22	-1.0	0.0	-1.0	-1.0	0.0	-1.0	-1.0	0.0	-1.0	-1.0	0.0	-1.0	-1.0	0.0	-1.0
-0.96	0.87	10.36	-0.82	-1.0	0.0	-1.0	-1.0	0.0	-1.0	-1.0	0.0	-1.0	-1.0	0.0	-1.0	-1.0	0.0	-1.0
-1.01	0.19	10.36	-0.82	-1.0	0.0	-1.0	-1.0	0.0	-1.0	-1.0	0.0	-1.0	-1.0	0.0	-1.0	-1.0	0.0	-1.0
-1.07	-0.48	10.36	-0.82	-1.0	0.0	-1.0	-1.0	0.0	-1.0	-1.0	0.0	-1.0	-1.0	0.0	-1.0	-1.0	0.0	-1.0
-0.94	0.46	10.32	1.26	-1.0	0.0	-1.0	-1.0	0.0	-1.0	-1.0	0.0	-1.0	-1.0	0.0	-1.0	-1.0	0.0	-1.0
-0.87	-0.21	10.37	0.74	-1.0	0.0	-1.0	-1.0	0.0	-1.0	-1.0	0.0	-1.0	-1.0	0.0	-1.0	-1.0	0.0	-1.0
-0.89	-0.89	10.36	-0.82	-1.0	0.0	-1.0	-1.0	0.0	-1.0	-1.0	0.0	-1.0	-1.0	0.0	-1.0	-1.0	0.0	-1.0
-1.28	0.74	10.39	0.22	-1.0	0.0	-1.0	-1.0	0.0	-1.0	-1.0	0.0	-1.0	-1.0	0.0	-1.0	-1.0	1.0	1.0
-1.24	0.06	10.37	0.74	-1.0	0.0	-1.0	-1.0	0.0	-1.0	-1.0	0.0	-1.0	-1.0	0.0	-1.0	-1.0	1.0	1.0
-1.19	-0.61	10.37	0.74	-1.0	0.0	-1.0	-1.0	0.0	-1.0	-1.0	0.0	-1.0	-1.0	0.0	-1.0	-1.0	1.0	1.0
-0.56	0.92	10.14	2.28	-1.0	0.0	-1.0	-1.0	0.0	-1.0	-1.0	0.0	-1.0	-1.0	1.0	1.0	-1.0	-1.0	-1.0
-0.45	0.25	10.37	0.74	-1.0	0.0	-1.0	-1.0	0.0	-1.0	-1.0	0.0	-1.0	-1.0	1.0	1.0	-1.0	-1.0	-1.0
-0.43	-0.43	10.39	0.22	-1.0	0.0	-1.0	-1.0	0.0	-1.0	-1.0	0.0	-1.0	-1.0	1.0	1.0	-1.0	-1.0	-1.0
-0.41	-1.11	10.39	0.22	-1.0	0.0	-1.0	-1.0	0.0	-1.0	-1.0	0.0	-1.0	-1.0	1.0	1.0	-1.0	-1.0	-1.0
-0.74	1.07	10.23	-1.85	-1.0	0.0	-1.0	-1.0	0.0	-1.0	-1.0	1.0	1.0	-1.0	-1.0	-1.0	-1.0	-1.0	-1.0
-0.86	0.4	10.23	-1.85	-1.0	0.0	-1.0	-1.0	0.0	-1.0	-1.0	1.0	1.0	-1.0	-1.0	-1.0	-1.0	-1.0	-1.0
-0.97	-0.27	10.31	-1.33	-1.0	0.0	-1.0	-1.0	0.0	-1.0	-1.0	1.0	1.0	-1.0	-1.0	-1.0	-1.0	-1.0	-1.0
-0.98	-0.94	10.39	0.22	-1.0	0.0	-1.0	-1.0	0.0	-1.0	-1.0	1.0	1.0	-1.0	-1.0	-1.0	-1.0	-1.0	-1.0
-0.92	0.93	10.39	0.22	-1.0	0.0	-1.0	-1.0	1.0	1.0	-1.0	-1.0	-1.0	-1.0	-1.0	-1.0	-1.0	-1.0	-1.0
-0.9	0.26	10.39	0.22	-1.0	0.0	-1.0	-1.0	1.0	1.0	-1.0	-1.0	-1.0	-1.0	-1.0	-1.0	-1.0	-1.0	-1.0
-0.89	-0.42	10.39	0.22	-1.0	0.0	-1.0	-1.0	1.0	1.0	-1.0	-1.0	-1.0	-1.0	-1.0	-1.0	-1.0	-1.0	-1.0
-0.88	-1.1	10.39	0.22	-1.0	0.0	-1.0	-1.0	1.0	1.0	-1.0	-1.0	-1.0	-1.0	-1.0	-1.0	-1.0	-1.0	-1.0
0.03	1.24	8.45	6.05	-1.0	1.0	1.0	-1.0	-1.0	-1.0	-1.0	-1.0	-1.0	-1.0	-1.0	-1.0	-1.0	-1.0	-1.0
0.47	0.73	7.45	7.24	-1.0	1.0	1.0	-1.0	-1.0	-1.0	-1.0	-1.0	-1.0	-1.0	-1.0	-1.0	-1.0	-1.0	-1.0
0.28	-0.99	6.29	8.28	0.0	1.0	-1.0	-1.0	1.0	-1.0	-1.0	1.0	-1.0	-1.0	1.0	-1.0	-1.0	1.0	-1.0
-0.58	0.8	0.0	10.39	-1.0	1.0	-1.0	-1.0	1.0	-1.0	-1.0	1.0	-1.0	-1.0	1.0	-1.0	-1.0	1.0	-1.0
-0.58	0.13	0.0	10.39	-1.0	1.0	-1.0	-1.0	1.0	-1.0	-1.0	1.0	-1.0	-1.0	1.0	-1.0	-1.0	1.0	-1.0
-0.58	-0.55	0.0	10.39	-1.0	1.0	-1.0	-1.0	1.0	-1.0	-1.0	1.0	-1.0	-1.0	1.0	-1.0	-1.0	1.0	-1.0
-0.58	-1.23	0.0	10.39	-1.0	1.0	-1.0	-1.0	1.0	-1.0	-1.0	1.0	-1.0	-1.0	1.0	-1.0	-1.0	1.0	-1.0
-0.26	0.95	-2.07	10.18	-1.0	1.0	-1.0	-1.0	1.0	-1.0	-1.0	1.0	-1.0	-1.0	1.0	-1.0	-1.0	1.0	-1.0
-0.13	0.28	-2.07	10.18	-1.0	1.0	-1.0	-1.0	1.0	-1.0	-1.0	1.0	-1.0	-1.0	1.0	-1.0	-1.0	1.0	-1.0
-0.07	0.01	-2.07	10.18	-1.0	1.0	-1.0	-1.0	1.0	-1.0	-1.0	1.0	-1.0	-1.0	1.0	-1.0	-1.0	1.0	-1.0
0.06	-0.65	-2.07	10.18	-1.0	1.0	-1.0	-1.0	1.0	-1.0	-1.0	1.0	-1.0	-1.0	1.0	-1.0	-1.0	1.0	-1.0
0.22	-1.45	-2.07	10.18	-1.0	1.0	-1.0	-1.0	1.0	-1.0	-1.0	1.0	-1.0	-1.0	1.0	-1.0	-1.0	1.0	-1.0
0.25	0.98	0.51	10.38	-1.0	1.0	-1.0	-1.0	1.0	-1.0	-1.0	1.0	-1.0	-1.0	1.0	-1.0	-1.0	1.0	-1.0
0.21	0.17	0.51	10.38	-1.0	1.0	-1.0	-1.0	1.0	-1.0	-1.0	1.0	-1.0	-1.0	1.0	-1.0	-1.0	1.0	-1.0
0.17	-0.51	0.51	10.38	-1.0	1.0	-1.0	-1.0	1.0	-1.0	-1.0	1.0	-1.0	-1.0	1.0	-1.0	-1.0	1.0	-1.0
0.14	-1.19	0.51	10.38	-1.0	1.0	-1.0	-1.0	1.0	-1.0	-1.0	1.0	-1.0	-1.0	1.0	-1.0	-1.0	1.0	-1.0
0.0	0.96	0.51	10.38	-1.0	1.0	-1.0	-1.0	1.0	-1.0	-1.0	1.0	-1.0	-1.0	1.0	-1.0	2.0	2.0	-1.0
-0.04	0.28	0.51	10.38	-1.0	1.0	-1.0	-1.0	1.0	-1.0	-1.0	1.0	-1.0	-1.0	1.0	-1.0	2.0	2.0	-1.0
-0.1	-0.39	2.06	10.19	-1.0	1.0	-1.0	-1.0	1.0	-1.0	-1.0	1.0	-1.0	-1.0	1.0	-1.0	2.0	2.0	-1.0
-0.23	-1.06	2.06	10.19	-1.0	1.0	-1.0	-1.0	1.0	-1.0	-1.0	1.0	-1.0	-1.0	1.0	-1.0	2.0	2.0	-1.0
-0.79	1.15	1.55	10.28	-1.0	1.0	-1.0	-1.0	1.0	-1.0	-1.0	1.0	-1.0	2.0	2.0	-1.0	-1.0	-1.0	-1.0
-0.84	0.47	0.0	10.39	-1.0	1.0	-1.0	-1.0	1.0	-1.0	-1.0	1.0	-1.0	2.0	2.0	-1.0	-1.0	-1.0	-1.0
-0.82	-0.21	-0.52	10.38	-1.0	1.0	-1.0	-1.0	1.0	-1.0	-1.0	1.0	-1.0	2.0	2.0	-1.0	-1.0	-1.0	-1.0
-0.78	-0.88	-0.52	10.38	-1.0	1.0	-1.0	-1.0	1.0	-1.0	-1.0	1.0	-1.0	2.0	2.0	-1.0	-1.0	-1.0	-1.0
-1.0	0.88	2.06	10.19	-1.0	1.0	-1.0	-1.0	1.0	-1.0	2.0	2.0	-1.0	-1.0	-1.0	-1.0	-1.0	-1.0	-1.0
-1.1	0.21	0.51	10.38	-1.0	1.0	-1.0	-1.0	1.0	-1.0	2.0	2.0	-1.0	-1.0	-1.0	-1.0	-1.0	-1.0	-1.0
-1.09	-0.47	-0.52	10.38	-1.0	1.0	-1.0	-1.0	1.0	-1.0	2.0	2.0	-1.0	-1.0	-1.0	-1.0	-1.0	-1.0	-1.0
-0.82	0.61	-2.58	10.07	-1.0	1.0	-1.0	2.0	2.0	-1.0	-1.0	-1.0	-1.0	-1.0	-1.0	-1.0	-1.0	-1.0	-1.0
-0.62	-0.04	-4.05	9.57	-1.0	1.0	-1.0	2.0	2.0	-1.0	-1.0	-1.0	-1.0	-1.0	-1.0	-1.0	-1.0	-1.0	-1.0
-0.32	-0.64	-5.44	8.86	-1.0	1.0	-1.0	2.0	2.0	-1.0	-1.0	-1.0	-1.0	-1.0	-1.0	-1.0	-1.0	-1.0	-1.0
0.08	-1.19	-6.7	7.95	-1.0	1.0	-1.0	2.0	2.0	-1.0	-1.0	-1.0	-1.0	-1.0	-1.0	-1.0	-1.0	-1.0	-1.0
0.63	0.71	-10.24	1.76	-1.0	2.0	-1.0	-1.0	2.0	-1.0	-1.0	2.0	-1.0	-1.0	2.0	-1.0	-1.0	2.0	-1.0
0.59	0.03	-10.39	-0.31	-1.0	2.0	-1.0	-1.0	2.0	-1.0	-1.0	2.0	-1.0	-1.0	2.0	-1.0	-1.0	2.0	-1.0
0.61	-0.65	-10.39	-0.31	-1.0	2.0	-1.0	-1.0	2.0	-1.0	-1.0	2.0	-1.0	-1.0	2.0	-1.0	-1.0	2.0	-1.0
0.63	-1.19	-10.39	-0.31	-1.0	2.0	-1.0	-1.0	2.0	-1.0	-1.0	2.0	-1.0	-1.0	2.0	-1.0	-1.0	2.0	-1.0
0.73	0.98	-10.24	1.76	-1.0	2.0	-1.0	-1.0	2.0	-1.0	-1.0	2.0	-1.0	-1.0	2.0	-1.0	-1.0	2.0	-1.0
0.61	0.31	-10.24	1.76	-1.0	2.0	-1.0	-1.0	2.0	-1.0	-1.0	2.0	-1.0	-1.0	2.0	-1.0	-1.0	2.0	-1.0
0.5	-0.36	-10.24	1.76	-1.0	2.0	-1.0	-1.0	2.0	-1.0	-1.0	2.0	-1.0	-1.0	2.0	-1.0	-1.0	2.0	-1.0
0.38	-1.03	-10.24	1.76	-1.0	2.0	-1.0	-1.0	2.0	-1.0	-1.0	2.0	-1.0	-1.0	2.0	-1.0	-1.0	2.0	-1.0
-0.04	1.15	-10.39	0.21	-1.0	2.0	-1.0	-1.0	2.0	-1.0	-1.0	2.0	-1.0	-1.0	2.0	-1.0	-1.0	2.0	-1.0
0.0	0.48	-10.36	-0.83	-1.0	2.0	-1.0	-1.0	2.0	-1.0	-1.0	2.0	-1.0	-1.0	2.0	-1.0	-1.0	2.0	-1.0
0.05	-0.2	-10.36	-0.83	-1.0	2.0	-1.0	-1.0	2.0	-1.0	-1.0	2.0	-1.0	-1.0	2.0	-1.0	-1.0	2.0	-1.0
0.11	-0.88	-10.36	-0.83	-1.0	2.0	-1.0	-1.0	2.0	-1.0	-1.0	2.0	-1.0	-1.0	2.0	-1.0	-1.0	2.0	-1.0
0.32	1.42	-10.36	-0.83	-1.0	2.0	-1.0	-1.0	2.0	-1.0	-1.0	2.0	-1.0	-1.0	2.0	-1.0	3.0	3.0	-1.0
0.35	0.74	-10.39	0.21	-1.0	2.0	-1.0	-1.0	2.0	-1.0	-1.0	2.0	-1.0	-1.0	2.0	-1.0	3.0	3.0	-1.0
0.28	0.06	-10.32	1.25	-1.0	2.0	-1.0	-1.0	2.0	-1.0	-1.0	2.0	-1.0	-1.0	2.0	-1.0	3.0	3.0	-1.0
0.2	-0.61	-10.32	1.25	-1.0	2.0	-1.0	-1.0	2.0	-1.0	-1.0	2.0	-1.0	-1.0	2.0	-1.0	3.0	3.0	-1.0
0.1	-1.42	-10.32	1.25	-1.0	2.0	-1.0	-1.0	2.0	-1.0	-1.0	2.0	-1.0	-1.0	2.0	-1.0	3.0	3.0	-1.0
-0.22	0.88	-10.32	1.25	-1.0	2.0	-1.0	-1.0	2.0	-1.0	-1.0	2.0	-1.0	3.0	3.0	-1.0	-1.0	-1.0	-1.0
-0.3	0.21	-10.32	1.25	-1.0	2.0	-1.0	-1.0	2.0	-1.0	-1.0	2.0	-1.0	3.0	3.0	-1.0	-1.0	-1.0	-1.0
-0.39	-0.46	-10.32	1.25	-1.0	2.0	-1.0	-1.0	2.0	-1.0	-1.0	2.0	-1.0	3.0	3.0	-1.0	-1.0	-1.0	-1.0
-0.47	-1.14	-10.32	1.25	-1.0	2.0	-1.0	-1.0	2.0	-1.0	-1.0	2.0	-1.0	3.0	3.0	-1.0	-1.0	-1.0	-1.0
-0.81	1.03	-10.32	1.25	-1.0	2.0	-1.0	-1.0	2.0	-1.0	3.0	3.0	-1.0	-1.0	-1.0	-1.0	-1.0	2.0	-1.0
-0.84	0.49	-10.39	-0.31	-1.0	2.0	-1.0	-1.0	2.0	-1.0	3.0	3.0	-1.0	-1.0	-1.0	-1.0	-1.0	2.0	-1.0
-0.77	-0.32	-10.31	-1.34	-1.0	2.0	-1.0	-1.0	2.0	-1.0	3.0	3.0	-1.0	-1.0	-1.0	-1.0	-1.0	2.0	-1.0
-0.7	-0.86	-10.31	-1.34	-1.0	2.0	-1.0	-1.0	2.0	-1.0	3.0	3.0	-1.0	-1.0	-1.0	-1.0	-1.0	2.0	-1.0
-0.33	1.31	-10.31	-1.34	-1.0	2.0	-1.0	3.0	3.0	-1.0	-1.0	-1.0	-1.0	-1.0	2.0	-1.0	-1.0	2.0	-1.0
-0.24	0.64	-10.31	-1.34	-1.0	2.0	-1.0	3.0	3.0	-1.0	-1.0	-1.0	-1.0	-1.0	2.0	-1.0	-1.0	2.0	-1.0
-0.16	-0.03	-10.31	-1.34	-1.0	2.0	-1.0	3.0	3.0	-1.0	-1.0	-1.0	-1.0	-1.0	2.0	-1.0	-1.0	2.0	-1.0
-0.07	-0.71	-10.31	-1.34	-1.0	2.0	-1.0	3.0	3.0	-1.0	-1.0	-1.0	-1.0	-1.0	2.0	-1.0	-1.0	2.0	-1.0
0.02	-1.38	-10.31	-1.34	-1.0	2.0	-1.0	3.0	3.0	-1.0	-1.0	-1.0	-1.0	-1.0	2.0	-1.0	-1.0	2.0	-1.0
0.68	0.87	-9.22	-4.8	3.0	3.0	-1.0	-1.0	-1.0	-1.0	-1.0	2.0	-1.0	-1.0	2.0	-1.0	-1.0	2.0	-1.0
1.04	0.3	-8.4	-6.12	3.0	3.0	-1.0	-1.0	-1.0	-1.0	-1.0	2.0	-1.0	-1.0	2.0	-1.0	-1.0	2.0	-1.0
1.49	-0.21	-7.39	-7.31	3.0	3.0	-1.0	-1.0	-1.0	-1.0	-1.0	2.0	-1.0	-1.0	2.0	-1.0	-1.0	2.0	-1.0
-1.31	0.45	0.61	-10.37	-1.0	3.0	-1.0	-1.0	3.0	-1.0	-1.0	3.0	-1.0	-1.0	3.0	-1.0	-1.0	3.0	-1.0
-1.27	-0.22	0.61	-10.37	-1.0	3.0	-1.0	-1.0	3.0	-1.0	-1.0	3.0	-1.0	-1.0	3.0	-1.0	-1.0	3.0	-1.0
-1.03	0.71	0.61	-10.37	-1.0	3.0	-1.0	-1.0	3.0	-1.0	-1.0	3.0	-1.0	-1.0	3.0	-1.0	-1.0	3.0	-1.0
-0.99	0.03	0.09	-10.39	-1.0	3.0	-1.0	-1.0	3.0	-1.0	-1.0	3.0	-1.0	-1.0	3.0	-1.0	-1.0	3.0	-1.0
-1.01	-0.65	-0.95	-10.35	-1.0	3.0	-1.0	-1.0	3.0	-1.0	-1.0	3.0	-1.0	-1.0	3.0	-1.0	-1.0	3.0	-1.0
-1.37	0.43	-0.95	-10.35	-1.0	3.0	-1.0	-1.0	3.0	-1.0	-1.0	3.0	-1.0	-1.0	3.0	-1.0	-1.0	0.0	0.0
-1.44	-0.24	-0.95	-10.35	-1.0	3.0	-1.0	-1.0	3.0	-1.0	-1.0	3.0	-1.0	-1.0	3.0	-1.0	-1.0	0.0	0.0
-1.3	0.01	0.61	-10.37	-1.0	3.0	-1.0	-1.0	3.0	-1.0	-1.0	3.0	-1.0	-1.0	0.0	0.0	-1.0	-1.0	-1.0
-1.26	-0.66	0.61	-10.37	-1.0	3.0	-1.0	-1.0	3.0	-1.0	-1.0	3.0	-1.0	-1.0	0.0	0.0	-1.0	-1.0	-1.0
-1.49	0.14	-0.95	-10.35	-1.0	3.0	-1.0	-1.0	3.0	-1.0	-1.0	0.0	0.0	-1.0	-1.0	-1.0	-1.0	-1.0	-1.0
-1.39	0.28	1.13	-10.33	-1.0	3.0	-1.0	-1.0	0.0	0.0	-1.0	-1.0	-1.0	-1.0	-1.0	-1.0	-1.0	-1.0	-1.0
-1.31	-0.4	1.13	-10.33	-1.0	3.0	-1.0	-1.0	0.0	0.0	-1.0	-1.0	-1.0	-1.0	-1.0	-1.0	-1.0	-1.0	-1.0
-0.74	1.13	4.13	-9.54	-1.0	0.0	0.0	-1.0	-1.0	-1.0	-1.0	-1.0	-1.0	-1.0	-1.0	-1.0	-1.0	-1.0	-1.0
-0.43	0.53	5.51	-8.81	-1.0	0.0	0.0	-1.0	-1.0	-1.0	-1.0	-1.0	-1.0	-1.0	-1.0	-1.0	-1.0	-1.0	-1.0
-0.03	-0.02	6.76	-7.89	-1.0	0.0	0.0	-1.0	-1.0	-1.0	-1.0	-1.0	-1.0	-1.0	-1.0	-1.0	-1.0	-1.0	-1.0
-0.51	-0.44	7.87	-6.79	-1.0	0.0	3.0	-1.0	0.0	-1.0	-1.0	0.0	-1.0	-1.0	0.0	-1.0	-1.0	0.0	-1.0
-0.92	-0.97	8.79	-5.54	-1.0	0.0	3.0	-1.0	0.0	-1.0	-1.0	0.0	-1.0	-1.0	0.0	-1.0	-1.0	0.0	-1.0
-1.41	0.13	9.8	3.45	-1.0	0.0	-1.0	-1.0	0.0	-1.0	-1.0	0.0	-1.0	-1.0	0.0	-1.0	-1.0	0.0	-1.0
-1.31	-0.13	9.62	3.93	-1.0	0.0	-1.0	-1.0	0.0	-1.0	-1.0	0.0	-1.0	-1.0	0.0	-1.0	-1.0	0.0	-1.0
-1.11	-0.77	10.1	2.45	-1.0	0.0	-1.0	-1.0	0.0	-1.0	-1.0	0.0	-1.0	-1.0	0.0	-1.0	-1.0	0.0	-1.0
-0.89	0.98	10.35	0.91	-1.0	0.0	-1.0	-1.0	0.0	-1.0	-1.0	0.0	-1.0	-1.0	0.0	-1.0	-1.0	0.0	-1.0
-0.77	0.31	10.1	2.45	-1.0	0.0	-1.0	-1.0	0.0	-1.0	-1.0	0.0	-1.0	-1.0	0.0	-1.0	-1.0	0.0	-1.0
-0.61	-0.34	10.1	2.45	-1.0	0.0	-1.0	-1.0	0.0	-1.0	-1.0	0.0	-1.0	-1.0	0.0	-1.0	-1.0	0.0	-1.0
-0.45	-1.0	10.1	2.45	-1.0	0.0	-1.0	-1.0	0.0	-1.0	-1.0	0.0	-1.0	-1.0	0.0	-1.0	-1.0	0.0	-1.0
0.07	1.47	10.35	0.91	-1.0	0.0	-1.0	-1.0	0.0	-1.0	-1.0	0.0	-1.0	-1.0	0.0	-1.0	-1.0	0.0	-1.0
0.13	0.8	10.35	0.91	-1.0	0.0	-1.0	-1.0	0.0	-1.0	-1.0	0.0	-1.0	-1.0	0.0	-1.0	-1.0	0.0	-1.0
0.19	0.12	10.35	0.91	-1.0	0.0	-1.0	-1.0	0.0	-1.0	-1.0	0.0	-1.0	-1.0	0.0	-1.0	-1.0	0.0	-1.0
0.26	-0.69	10.35	0.91	-1.0	0.0	-1.0	-1.0	0.0	-1.0	-1.0	0.0	-1.0	-1.0	0.0	-1.0	-1.0	0.0	-1.0
0.32	-1.37	10.35	0.91	-1.0	0.0	-1.0	-1.0	0.0	-1.0	-1.0	0.0	-1.0	-1.0	0.0	-1.0	-1.0	0.0	-1.0
0.0	0.95	10.16	-2.19	-1.0	0.0	-1.0	-1.0	0.0	-1.0	-1.0	0.0	-1.0	-1.0	0.0	-1.0	-1.0	1.0	1.0
-0.14	0.29	10.16	-2.19	-1.0	0.0	-1.0	-1.0	0.0	-1.0	-1.0	0.0	-1.0	-1.0	0.0	-1.0	-1.0	1.0	1.0
-0.28	-0.37	10.16	-2.19	-1.0	0.0	-1.0	-1.0	0.0	-1.0	-1.0	0.0	-1.0	-1.0	0.0	-1.0	-1.0	1.0	1.0
-0.43	-1.04	10.16	-2.19	-1.0	0.0	-1.0	-1.0	0.0	-1.0	-1.0	0.0	-1.0	-1.0	0.0	-1.0	-1.0	1.0	1.0
-1.11	0.78	10.16	-2.19	-1.0	0.0	-1.0	-1.0	0.0	-1.0	-1.0	0.0	-1.0	-1.0	1.0	1.0	-1.0	-1.0	-1.0
-1.23	0.25	10.16	-2.19	-1.0	0.0	-1.0	-1.0	0.0	-1.0	-1.0	0.0	-1.0	-1.0	1.0	1.0	-1.0	-1.0	-1.0
-1.34	-0.28	10.16	-2.19	-1.0	0.0	-1.0	-1.0	0.0	-1.0	-1.0	0.0	-1.0	-1.0	1.0	1.0	-1.0	-1.0	-1.0
-0.9	0.6	10.21	1.94	-1.0	0.0	-1.0	-1.0	0.0	-1.0	-1.0	1.0	1.0	-1.0	-1.0	-1.0	-1.0	-1.0	-1.0
-0.84	-0.08	10.38	0.4	-1.0	0.0	-1.0	-1.0	0.0	-1.0	-1.0	1.0	1.0	-1.0	-1.0	-1.0	-1.0	-1.0	-1.0
-0.82	-0.76	10.38	0.4	-1.0	0.0	-1.0	-1.0	0.0	-1.0	-1.0	1.0	1.0	-1.0	-1.0	-1.0	-1.0	-1.0	-1.0
-1.09	0.87	10.26	-1.68	-1.0	0.0	-1.0	-1.0	1.0	1.0	-1.0	-1.0	-1.0	-1.0	-1.0	-1.0	-1.0	-1.0	-1.0
-1.18	0.2	10.37	-0.64	-1.0	0.0	-1.0	-1.0	1.0	1.0	-1.0	-1.0	-1.0	-1.0	-1.0	-1.0	-1.0	-1.0	-1.0
-1.17	-0.48	10.35	0.91	-1.0	0.0	-1.0	-1.0	1.0	1.0	-1.0	-1.0	-1.0	-1.0	-1.0	-1.0	-1.0	-1.0	-1.0
0.0	1.24	8.03	6.6	-1.0	1.0	1.0	-1.0	-1.0	-1.0	-1.0	-1.0	-1.0	-1.0	-1.0	-1.0	-1.0	-1.0	-1.0
0.75	-0.47	6.95	7.73	0.0	1.0	-1.0	-1.0	1.0	-1.0	-1.0	1.0	-1.0	-1.0	1.0	-1.0	-1.0	1.0	-1.0
0.56	-0.67	6.95	7.73	0.0	1.0	-1.0	-1.0	1.0	-1.0	-1.0	1.0	-1.0	-1.0	1.0	-1.0	-1.0	1.0	-1.0
0.14	-1.2	5.72	8.68	0.0	1.0	-1.0	-1.0	1.0	-1.0	-1.0	1.0	-1.0	-1.0	1.0	-1.0	-1.0	1.0	-1.0
-0.79	1.28	0.86	10.36	-1.0	1.0	-1.0	-1.0	1.0	-1.0	-1.0	1.0	-1.0	-1.0	1.0	-1.0	-1.0	1.0	-1.0
-0.86	0.47	0.86	10.36	-1.0	1.0	-1.0	-1.0	1.0	-1.0	-1.0	1.0	-1.0	-1.0	1.0	-1.0	-1.0	1.0	-1.0
-0.91	-0.21	0.86	10.36	-1.0	1.0	-1.0	-1.0	1.0	-1.0	-1.0	1.0	-1.0	-1.0	1.0	-1.0	-1.0	1.0	-1.0
-0.97	-0.89	0.86	10.36	-1.0	1.0	-1.0	-1.0	1.0	-1.0	-1.0	1.0	-1.0	-1.0	1.0	-1.0	-1.0	1.0	-1.0
-0.68	0.74	-1.22	10.32	-1.0	1.0	-1.0	-1.0	1.0	-1.0	-1.0	1.0	-1.0	-1.0	1.0	-1.0	-1.0	1.0	-1.0
-0.6	0.06	-1.22	10.32	-1.0	1.0	-1.0	-1.0	1.0	-1.0	-1.0	1.0	-1.0	-1.0	1.0	-1.0	-1.0	1.0	-1.0
-0.52	-0.61	-1.22	10.32	-1.0	1.0	-1.0	-1.0	1.0	-1.0	-1.0	1.0	-1.0	-1.0	1.0	-1.0	-1.0	1.0	-1.0
-0.44	-1.28	-1.22	10.32	-1.0	1.0	-1.0	-1.0	1.0	-1.0	-1.0	1.0	-1.0	-1.0	1.0	-1.0	-1.0	1.0	-1.0
-0.11	0.88	-1.22	10.32	-1.0	1.0	-1.0	-1.0	1.0	-1.0	-1.0	1.0	-1.0	-1.0	1.0	-1.0	-1.0	1.0	-1.0
-0.03	0.21	-1.22	10.32	-1.0	1.0	-1.0	-1.0	1.0	-1.0	-1.0	1.0	-1.0	-1.0	1.0	-1.0	-1.0	1.0	-1.0
0.03	-0.6	0.34	10.39	-1.0	1.0	-1.0	-1.0	1.0	-1.0	-1.0	1.0	-1.0	-1.0	1.0	-1.0	-1.0	1.0	-1.0
-0.02	-1.28	0.86	10.36	-1.0	1.0	-1.0	-1.0	1.0	-1.0	-1.0	1.0	-1.0	-1.0	1.0	-1.0	-1.0	1.0	-1.0
-0.25	1.02	0.86	10.36	-1.0	1.0	-1.0	-1.0	1.0	-1.0	-1.0	1.0	-1.0	-1.0	1.0	-1.0	2.0	2.0	-1.0
-0.3	0.34	0.86	10.36	-1.0	1.0	-1.0	-1.0	1.0	-1.0	-1.0	1.0	-1.0	-1.0	1.0	-1.0	2.0	2.0	-1.0
-0.36	-0.34	0.86	10.36	-1.0	1.0	-1.0	-1.0	1.0	-1.0	-1.0	1.0	-1.0	-1.0	1.0	-1.0	2.0	2.0	-1.0
-0.43	-1.15	0.86	10.36	-1.0	1.0	-1.0	-1.0	1.0	-1.0	-1.0	1.0	-1.0	-1.0	1.0	-1.0	2.0	2.0	-1.0
-0.83	1.17	1.89	10.22	-1.0	1.0	-1.0	-1.0	1.0	-1.0	-1.0	1.0	-1.0	2.0	2.0	-1.0	-1.0	-1.0	-1.0
-0.88	0.49	0.34	10.39	-1.0	1.0	-1.0	-1.0	1.0	-1.0	-1.0	1.0	-1.0	2.0	2.0	-1.0	-1.0	-1.0	-1.0
-0.85	-0.19	-0.7	10.37	-1.0	1.0	-1.0	-1.0	1.0	-1.0	-1.0	1.0	-1.0	2.0	2.0	-1.0	-1.0	-1.0	-1.0
-0.8	-0.86	-0.7	10.37	-1.0	1.0	-1.0	-1.0	1.0	-1.0	-1.0	1.0	-1.0	2.0	2.0	-1.0	-1.0	-1.0	-1.0
-1.16	0.78	1.89	10.22	-1.0	1.0	-1.0	-1.0	1.0	-1.0	2.0	2.0	-1.0	-1.0	-1.0	-1.0	-1.0	-1.0	-1.0
-1.28	0.11	1.89	10.22	-1.0	1.0	-1.0	-1.0	1.0	-1.0	2.0	2.0	-1.0	-1.0	-1.0	-1.0	-1.0	-1.0	-1.0
-1.25	-0.74	-4.68	9.28	-1.0	1.0	-1.0	2.0	2.0	-1.0	-1.0	-1.0	-1.0	-1.0	-1.0	-1.0	-1.0	-1.0	-1.0
1.38	-0.5	-7.58	7.11	1.0	2.0	-1.0	-1.0	2.0	-1.0	-1.0	2.0	-1.0	-1.0	2.0	-1.0	-1.0	2.0	-1.0
0.95	-1.03	-8.56	5.9	1.0	2.0	-1.0	-1.0	2.0	-1.0	-1.0	2.0	-1.0	-1.0	2.0	-1.0	-1.0	2.0	-1.0
-0.02	1.31	-10.06	2.61	-1.0	2.0	-1.0	-1.0	2.0	-1.0	-1.0	2.0	-1.0	-1.0	2.0	-1.0	-1.0	2.0	-1.0
-0.19	0.65	-10.06	2.61	-1.0	2.0	-1.0	-1.0	2.0	-1.0	-1.0	2.0	-1.0	-1.0	2.0	-1.0	-1.0	2.0	-1.0
-0.35	-0.01	-10.18	2.1	-1.0	2.0	-1.0	-1.0	2.0	-1.0	-1.0	2.0	-1.0	-1.0	2.0	-1.0	-1.0	2.0	-1.0
-0.44	-0.68	-10.38	0.56	-1.0	2.0	-1.0	-1.0	2.0	-1.0	-1.0	2.0	-1.0	-1.0	2.0	-1.0	-1.0	2.0	-1.0
-0.45	-1.36	-10.39	0.04	-1.0	2.0	-1.0	-1.0	2.0	-1.0	-1.0	2.0	-1.0	-1.0	2.0	-1.0	-1.0	2.0	-1.0
-0.46	0.79	-10.39	0.04	-1.0	2.0	-1.0	-1.0	2.0	-1.0	-1.0	2.0	-1.0	-1.0	2.0	-1.0	-1.0	2.0	-1.0
-0.46	0.11	-10.39	0.04	-1.0	2.0	-1.0	-1.0	2.0	-1.0	-1.0	2.0	-1.0	-1.0	2.0	-1.0	-1.0	2.0	-1.0
-0.47	-0.57	-10.39	0.04	-1.0	2.0	-1.0	-1.0	2.0	-1.0	-1.0	2.0	-1.0	-1.0	2.0	-1.0	-1.0	2.0	-1.0
-0.47	-1.24	-10.39	0.04	-1.0	2.0	-1.0	-1.0	2.0	-1.0	-1.0	2.0	-1.0	-1.0	2.0	-1.0	-1.0	2.0	-1.0
-0.74	1.06	-10.38	0.56	-1.0	2.0	-1.0	-1.0	2.0	-1.0	-1.0	2.0	-1.0	-1.0	2.0	-1.0	-1.0	2.0	-1.0